{
    "__comment": "Made with TheDestruc7i0n's advancements generator: https://advancements.thedestruc7i0n.ca",
    "display": {
        "title": {
            "translate": "achievements.leaveroom.name"
        },
        "description": {
            "translate": "achievements.leaveroom.desc",
			"color": "green"
        },
        "icon": {
            "item": "minecraft:rabbit_stew"
        },
        "frame": "task",
        "show_toast": true,
        "announce_to_chat": false,
        "hidden": true
    },
    "criteria": {
        "leave_room": {
            "trigger": "minecraft:impossible"
        }
    },
	"parent": "hotel:hotel/enter_room"
}