{
    "__comment": "Made with TheDestruc7i0n's advancements generator: https://advancements.thedestruc7i0n.ca",
    "display": {
        "title": {
            "translate": "achievements.room80.name"
        },
        "description": {
            "translate": "achievements.room80.desc",
			"color": "green"
        },
        "icon": {
            "item": "minecraft:redstone_lamp"
        },
        "frame": "goal",
        "show_toast": true,
        "announce_to_chat": false,
        "hidden": true
    },
    "criteria": {
        "room80": {
            "trigger": "minecraft:impossible"
        }
    },
	"parent": "hotel:hotel/room70"
}