{
    "__comment": "Made with TheDestruc7i0n's advancements generator: https://advancements.thedestruc7i0n.ca",
    "display": {
        "title": {
            "translate": "achievements.room20.name"
        },
        "description": {
            "translate": "achievements.room20.desc",
			"color": "green"
        },
        "icon": {
            "item": "minecraft:cracked_stone_bricks"
        },
        "frame": "goal",
        "show_toast": true,
        "announce_to_chat": false,
        "hidden": true
    },
    "criteria": {
        "room20": {
            "trigger": "minecraft:impossible"
        }
    },
	"parent": "hotel:hotel/room10"
}