{
    "__comment": "Made with TheDestruc7i0n's advancements generator: https://advancements.thedestruc7i0n.ca",
    "display": {
        "title": {
            "translate": "achievements.room40.name"
        },
        "description": {
            "translate": "achievements.room40.desc",
			"color": "green"
        },
        "icon": {
            "item": "minecraft:cake"
        },
        "frame": "goal",
        "show_toast": true,
        "announce_to_chat": false,
        "hidden": true
    },
    "criteria": {
        "room40": {
            "trigger": "minecraft:impossible"
        }
    },
	"parent": "hotel:hotel/room30"
}