{"stat.useItem.139":114,"stat.useItem.146":58,"stat.killEntity.Sheep":2,"stat.useItem.3":698,"stat.mineBlock.37":1,"stat.useItem.65":31,"stat.mineBlock.123":1,"stat.useItem.404":43,"stat.useItem.126":110,"stat.useItem.143":2,"stat.useItem.72":16,"achievement.openInventory":748,"stat.damageDealt":8370,"stat.useItem.96":44,"stat.useItem.50":55,"stat.useItem.323":167,"stat.killEntity.Ghast":10,"stat.useItem.351":283,"achievement.exploreAllBiomes":{"value":0,"progress":["Taiga"]},"stat.useItem.112":2203,"stat.useItem.324":25,"stat.useItem.53":96,"stat.useItem.25":2,"stat.useItem.30":110,"stat.useItem.2262":1,"stat.useItem.46":42,"stat.useItem.259":31,"stat.useItem.49":34,"stat.useItem.5":6148,"stat.mineBlock.131":1,"stat.flyOneCm":2487333,"stat.useItem.33":30,"stat.useItem.160":215,"stat.damageTaken":7098,"stat.mineBlock.171":1,"stat.useItem.47":47,"stat.useItem.4":2602,"stat.useItem.355":10,"stat.useItem.380":7,"stat.useItem.354":1,"stat.useItem.321":319,"stat.useItem.152":6,"stat.useItem.69":3,"stat.climbOneCm":35558,"stat.mineBlock.160":2,"stat.useItem.87":748,"stat.drop":116,"stat.useItem.18":166,"stat.useItem.135":62,"stat.useItem.29":18,"stat.useItem.356":229,"stat.useItem.2266":2,"stat.useItem.154":144,"stat.useItem.106":51,"stat.useItem.17":279,"stat.useItem.84":3,"stat.useItem.2267":1,"stat.mineBlock.13":11,"stat.playOneMinute":1486608,"stat.useItem.123":31,"stat.useItem.155":6,"stat.useItem.70":28,"stat.useItem.76":64,"stat.diveOneCm":4088,"stat.useItem.6":17,"stat.useItem.131":2,"stat.useItem.330":70,"stat.useItem.287":5,"stat.useItem.54":171,"stat.killEntity.Villager":9,"stat.useItem.109":376,"stat.killEntity.Slime":3,"stat.useItem.61":9,"stat.useItem.134":792,"stat.mineBlock.77":1,"stat.useItem.85":47,"stat.useItem.383":44,"stat.killEntity.PigZombie":6,"stat.useItem.114":58,"stat.swimOneCm":6519,"stat.useItem.390":23,"stat.killEntity.Skeleton":4,"stat.useItem.397":2,"stat.walkOneCm":5335002,"stat.useItem.77":2,"stat.useItem.145":1,"stat.useItem.35":22,"stat.useItem.44":74,"stat.killEntity.Silverfish":12,"stat.jump":2579,"stat.useItem.13":236,"stat.useItem.137":102,"stat.useItem.256":11,"stat.deaths":13,"stat.useItem.113":4,"stat.useItem.161":16,"stat.mobKills":60,"stat.useItem.171":10,"stat.useItem.98":797,"stat.killEntity.Zombie":14,"stat.useItem.276":93,"stat.useItem.67":9,"stat.useItem.1":14,"stat.useItem.331":583,"stat.useItem.2265":1,"stat.useItem.102":4,"stat.breakItem.256":6,"stat.useItem.101":312}