{"stats":{"minecraft:used":{"minecraft:oak_fence":76,"minecraft:oak_trapdoor":11,"minecraft:end_rod":3,"minecraft:iron_bars":6,"minecraft:spruce_door":3,"minecraft:mud_brick_slab":90,"minecraft:yellow_shulker_box":1,"minecraft:spruce_slab":30,"minecraft:redstone":1,"minecraft:poppy":3,"minecraft:oak_planks":1,"minecraft:ladder":7,"minecraft:oak_sign":7,"minecraft:spruce_planks":100,"minecraft:stone":49,"minecraft:grass":2,"minecraft:farmland":6,"minecraft:oak_leaves":87,"minecraft:mossy_cobblestone":1,"minecraft:dirt":19,"minecraft:sand":5,"minecraft:oak_slab":30,"minecraft:acacia_leaves":46,"minecraft:orange_wool":1,"minecraft:tuff":5,"minecraft:lime_shulker_box":1,"minecraft:stone_brick_wall":4,"minecraft:painting":7,"minecraft:oak_log":34,"minecraft:stone_brick_slab":57,"minecraft:flower_pot":1,"minecraft:oxeye_daisy":1,"minecraft:mangrove_door":1,"minecraft:acacia_door":1,"minecraft:lantern":7,"minecraft:grass_block":10,"minecraft:oak_stairs":5,"minecraft:rooted_dirt":3,"minecraft:oak_button":4,"minecraft:barrier":20,"minecraft:quartz_block":7,"minecraft:stone_slab":5,"minecraft:spruce_trapdoor":2,"minecraft:oak_pressure_plate":3,"minecraft:iron_door":4,"minecraft:gravel":3,"minecraft:stone_brick_stairs":94,"minecraft:barrel":2,"minecraft:soul_lantern":5,"minecraft:item_frame":1,"minecraft:cobblestone":1,"minecraft:iron_trapdoor":2,"minecraft:oak_sapling":2,"minecraft:furnace":2,"minecraft:dark_oak_fence":2,"minecraft:gold_block":4,"minecraft:jungle_door":1,"minecraft:smooth_stone_slab":46,"minecraft:glass_pane":16,"minecraft:repeating_command_block":5,"minecraft:coarse_dirt":18,"minecraft:cobbled_deepslate":1,"minecraft:bone_meal":16,"minecraft:soul_torch":3},"minecraft:custom":{"minecraft:open_barrel":2,"minecraft:open_shulker_box":1,"minecraft:pot_flower":1,"minecraft:leave_game":1,"minecraft:time_since_death":12418,"minecraft:climb_one_cm":5744,"minecraft:time_since_rest":12443,"minecraft:sprint_one_cm":181703,"minecraft:walk_one_cm":231261,"minecraft:swim_one_cm":318,"minecraft:fly_one_cm":1207953,"minecraft:crouch_one_cm":4709,"minecraft:play_time":138837,"minecraft:deaths":26,"minecraft:sneak_time":5725,"minecraft:walk_under_water_one_cm":1953,"minecraft:jump":1039,"minecraft:walk_on_water_one_cm":2089,"minecraft:total_world_time":138837},"minecraft:picked_up":{"minecraft:mud_brick_slab":4,"minecraft:yellow_shulker_box":7,"minecraft:polished_diorite_slab":3,"minecraft:flower_pot":3,"minecraft:iron_trapdoor":4,"minecraft:ladder":9,"minecraft:iron_door":4,"minecraft:water_bucket":4,"minecraft:stone_slab":4,"minecraft:mud_brick_stairs":3,"minecraft:oak_stairs":3,"minecraft:oak_log":2,"minecraft:chain":10,"minecraft:dirt":4,"minecraft:oak_trapdoor":6,"minecraft:lantern":57,"minecraft:oak_sign":5,"minecraft:deepslate_tiles":5,"minecraft:orange_tulip":5,"minecraft:spruce_planks":3,"minecraft:flowering_azalea":4,"minecraft:spruce_trapdoor":3,"minecraft:stone":3,"minecraft:oak_fence":4,"minecraft:oak_pressure_plate":4,"minecraft:grass_block":1,"minecraft:redstone":1,"minecraft:stone_pressure_plate":4,"minecraft:mossy_cobblestone":6,"minecraft:orange_wool":1,"minecraft:quartz_block":5,"minecraft:repeating_command_block":10,"minecraft:painting":3,"minecraft:grass":6,"minecraft:glowstone":7,"minecraft:oak_button":5,"minecraft:terracotta":8,"minecraft:smooth_quartz_slab":4,"minecraft:dark_oak_fence":1,"minecraft:iron_bars":3}},"DataVersion":3120}