{"stats":{"minecraft:custom":{"minecraft:jump":1520,"minecraft:time_since_rest":14732,"minecraft:deaths":50,"minecraft:damage_taken":23330,"minecraft:strider_one_cm":2749,"minecraft:crouch_one_cm":84,"minecraft:leave_game":1,"minecraft:play_time":94387,"minecraft:sprint_one_cm":345263,"minecraft:walk_on_water_one_cm":969,"minecraft:time_since_death":14730,"minecraft:walk_one_cm":332025,"minecraft:walk_under_water_one_cm":2799,"minecraft:sneak_time":96,"minecraft:climb_one_cm":21385,"minecraft:total_world_time":94387,"minecraft:damage_resisted":80,"minecraft:fall_one_cm":287855,"minecraft:fly_one_cm":278680},"minecraft:mined":{"minecraft:jungle_planks":1}},"DataVersion":3465}