{"stats":{"minecraft:custom":{"minecraft:jump":1805,"minecraft:time_since_rest":9589,"minecraft:deaths":53,"minecraft:damage_taken":24490,"minecraft:strider_one_cm":2749,"minecraft:crouch_one_cm":84,"minecraft:leave_game":1,"minecraft:play_time":106387,"minecraft:sprint_one_cm":397744,"minecraft:walk_on_water_one_cm":4221,"minecraft:time_since_death":9586,"minecraft:walk_one_cm":379219,"minecraft:walk_under_water_one_cm":2799,"minecraft:sneak_time":96,"minecraft:climb_one_cm":21589,"minecraft:total_world_time":106387,"minecraft:damage_resisted":80,"minecraft:fall_one_cm":295512,"minecraft:fly_one_cm":322583},"minecraft:mined":{"minecraft:jungle_planks":1}},"DataVersion":3465}