{"stats":{"minecraft:custom":{"minecraft:jump":514,"minecraft:time_since_rest":8404,"minecraft:deaths":5,"minecraft:damage_taken":2090,"minecraft:strider_one_cm":2749,"minecraft:crouch_one_cm":84,"minecraft:leave_game":1,"minecraft:play_time":40387,"minecraft:sprint_one_cm":102332,"minecraft:walk_on_water_one_cm":213,"minecraft:time_since_death":8400,"minecraft:walk_one_cm":165142,"minecraft:walk_under_water_one_cm":904,"minecraft:sneak_time":96,"minecraft:climb_one_cm":11882,"minecraft:total_world_time":40387,"minecraft:damage_resisted":80,"minecraft:fall_one_cm":37301,"minecraft:fly_one_cm":70857}},"DataVersion":3465}