{"stats":{"minecraft:custom":{"minecraft:jump":808,"minecraft:time_since_rest":5021,"minecraft:deaths":25,"minecraft:damage_taken":9770,"minecraft:strider_one_cm":2749,"minecraft:crouch_one_cm":84,"minecraft:leave_game":1,"minecraft:play_time":58387,"minecraft:sprint_one_cm":176366,"minecraft:walk_on_water_one_cm":213,"minecraft:time_since_death":5018,"minecraft:walk_one_cm":226324,"minecraft:walk_under_water_one_cm":904,"minecraft:sneak_time":96,"minecraft:climb_one_cm":19848,"minecraft:total_world_time":58387,"minecraft:damage_resisted":80,"minecraft:fall_one_cm":142582,"minecraft:fly_one_cm":145915}},"DataVersion":3465}