{"stat.useItem.274":45,"stat.useItem.275":63,"stat.useItem.67":6,"stat.walkOneCm":316144,"stat.useItem.278":180,"stat.useItem.355":1,"stat.useItem.61":2,"stat.craftItem.268":1,"stat.craftItem.61":1,"stat.craftItem.67":8,"stat.mineBlock.175":4,"stat.mineBlock.85":8,"stat.mineBlock.44":4,"stat.mineBlock.15":5,"stat.mineBlock.18":4,"stat.mineBlock.17":17,"stat.jump":444,"stat.swimOneCm":399,"stat.useItem.324":1,"stat.fallOneCm":6947,"achievement.mineWood":9,"stat.mineBlock.102":1,"achievement.exploreAllBiomes":{"value":0,"progress":["ForestHills","Plains"]},"stat.mineBlock.54":1,"stat.mineBlock.53":14,"stat.useItem.295":28,"stat.useItem.44":1,"stat.craftItem.364":5,"stat.craftItem.5":52,"achievement.openInventory":18,"stat.craftItem.280":20,"stat.damageTaken":1025,"stat.killEntity.Spider":3,"stat.mineBlock.4":69,"stat.mineBlock.5":41,"stat.mineBlock.3":32,"stat.mineBlock.1":135,"stat.mineBlock.61":3,"stat.mobKills":19,"stat.mineBlock.67":3,"stat.craftItem.272":3,"stat.useItem.53":1,"stat.useItem.54":1,"stat.flyOneCm":29211,"stat.craftItem.58":2,"stat.craftItem.274":1,"stat.craftItem.275":2,"stat.deaths":1,"stat.mineBlock.37":1,"stat.drop":52,"stat.craftItem.355":1,"stat.useItem.268":71,"stat.playOneMinute":57130,"stat.killEntity.Sheep":8,"stat.useItem.4":65,"stat.useItem.5":10,"stat.craftItem.270":1,"stat.craftItem.54":1,"stat.useItem.3":6,"stat.damageDealt":2525,"stat.killEntity.Zombie":2,"stat.killEntity.Cow":6,"stat.mineBlock.72":1,"stat.useItem.270":17,"stat.mineBlock.31":49,"stat.useItem.58":2}