{"stats":{"minecraft:used":{"minecraft:carrot_on_a_stick":12,"minecraft:warped_fungus_on_a_stick":12,"minecraft:book":1},"minecraft:custom":{"minecraft:jump":54,"minecraft:open_chest":3,"minecraft:time_since_rest":21601,"minecraft:crouch_one_cm":229,"minecraft:leave_game":2,"minecraft:play_time":21601,"minecraft:sprint_one_cm":19664,"minecraft:time_since_death":21601,"minecraft:walk_on_water_one_cm":20,"minecraft:walk_one_cm":78729,"minecraft:sneak_time":227,"minecraft:total_world_time":21601,"minecraft:pot_flower":2,"minecraft:fall_one_cm":6549,"minecraft:fly_one_cm":4775}},"DataVersion":3465}