{"stat.useItem.274":45,"stat.useItem.275":1,"stat.walkOneCm":108182,"stat.craftItem.364":1,"stat.useItem.278":1,"stat.useItem.61":1,"stat.craftItem.268":1,"stat.craftItem.5":20,"achievement.openInventory":4,"stat.craftItem.61":1,"stat.craftItem.280":12,"stat.damageTaken":480,"stat.mineBlock.5":2,"stat.mineBlock.175":4,"stat.mineBlock.3":14,"stat.mineBlock.1":56,"stat.mineBlock.61":1,"stat.mobKills":5,"stat.craftItem.272":2,"stat.flyOneCm":5306,"stat.craftItem.58":2,"stat.craftItem.274":1,"stat.craftItem.275":1,"stat.mineBlock.15":5,"stat.deaths":1,"stat.mineBlock.17":5,"stat.drop":38,"stat.jump":132,"stat.swimOneCm":144,"stat.useItem.268":18,"stat.playOneMinute":16593,"stat.fallOneCm":1229,"stat.killEntity.Sheep":2,"stat.useItem.5":1,"stat.craftItem.270":1,"stat.useItem.3":1,"stat.damageDealt":475,"stat.killEntity.Cow":3,"achievement.exploreAllBiomes":{"value":0,"progress":["Plains"]},"stat.useItem.270":17,"stat.mineBlock.31":21,"stat.useItem.58":2}