{"stats":{"minecraft:custom":{"minecraft:jump":1136,"minecraft:time_since_rest":1034,"minecraft:deaths":36,"minecraft:damage_taken":14640,"minecraft:strider_one_cm":2749,"minecraft:crouch_one_cm":84,"minecraft:leave_game":1,"minecraft:play_time":70387,"minecraft:sprint_one_cm":239734,"minecraft:walk_on_water_one_cm":213,"minecraft:time_since_death":1031,"minecraft:walk_one_cm":259152,"minecraft:walk_under_water_one_cm":904,"minecraft:sneak_time":96,"minecraft:climb_one_cm":19848,"minecraft:total_world_time":70387,"minecraft:damage_resisted":80,"minecraft:fall_one_cm":186312,"minecraft:fly_one_cm":201463}},"DataVersion":3465}