{"stats":{"minecraft:custom":{"minecraft:jump":1958,"minecraft:time_since_rest":407,"minecraft:deaths":57,"minecraft:damage_taken":26020,"minecraft:strider_one_cm":2749,"minecraft:crouch_one_cm":84,"minecraft:leave_game":2,"minecraft:play_time":113666,"minecraft:sprint_one_cm":413428,"minecraft:walk_on_water_one_cm":6601,"minecraft:time_since_death":404,"minecraft:walk_one_cm":393078,"minecraft:walk_under_water_one_cm":2799,"minecraft:sneak_time":96,"minecraft:climb_one_cm":21589,"minecraft:total_world_time":113666,"minecraft:damage_resisted":80,"minecraft:fall_one_cm":308342,"minecraft:fly_one_cm":345944},"minecraft:mined":{"minecraft:jungle_planks":1}},"DataVersion":3465}