{"stats":{"minecraft:custom":{"minecraft:jump":1334,"minecraft:time_since_rest":2732,"minecraft:deaths":50,"minecraft:damage_taken":22860,"minecraft:strider_one_cm":2749,"minecraft:crouch_one_cm":84,"minecraft:leave_game":1,"minecraft:play_time":82387,"minecraft:sprint_one_cm":292898,"minecraft:walk_on_water_one_cm":213,"minecraft:time_since_death":2730,"minecraft:walk_one_cm":286513,"minecraft:walk_under_water_one_cm":904,"minecraft:sneak_time":96,"minecraft:climb_one_cm":19848,"minecraft:total_world_time":82387,"minecraft:damage_resisted":80,"minecraft:fall_one_cm":269496,"minecraft:fly_one_cm":240783}},"DataVersion":3465}