{"stat.useItem.274":28,"stat.walkOneCm":55420,"stat.craftItem.268":1,"stat.craftItem.5":20,"achievement.openInventory":3,"stat.craftItem.280":12,"stat.damageTaken":80,"stat.mineBlock.175":4,"stat.mineBlock.3":5,"stat.mineBlock.1":42,"stat.mobKills":5,"stat.craftItem.272":2,"stat.flyOneCm":1559,"stat.craftItem.58":2,"stat.craftItem.274":1,"stat.craftItem.275":1,"stat.mineBlock.15":2,"stat.mineBlock.17":5,"stat.drop":16,"stat.jump":76,"stat.useItem.268":18,"stat.playOneMinute":10682,"stat.fallOneCm":960,"stat.killEntity.Sheep":2,"stat.craftItem.270":1,"stat.useItem.3":1,"stat.damageDealt":475,"stat.killEntity.Cow":3,"achievement.exploreAllBiomes":{"value":0,"progress":["Plains"]},"stat.useItem.270":17,"stat.mineBlock.31":14,"stat.useItem.58":2}