{"stats":{"minecraft:custom":{"minecraft:jump":127,"minecraft:time_since_rest":16387,"minecraft:damage_taken":490,"minecraft:strider_one_cm":2749,"minecraft:crouch_one_cm":63,"minecraft:leave_game":1,"minecraft:play_time":16387,"minecraft:sprint_one_cm":24822,"minecraft:walk_on_water_one_cm":12,"minecraft:time_since_death":16387,"minecraft:walk_one_cm":66199,"minecraft:sneak_time":66,"minecraft:climb_one_cm":1202,"minecraft:total_world_time":16387,"minecraft:damage_resisted":80,"minecraft:fall_one_cm":4500,"minecraft:fly_one_cm":15889}},"DataVersion":3465}