{"stats":{"minecraft:custom":{"minecraft:jump":305,"minecraft:time_since_rest":2358,"minecraft:deaths":1,"minecraft:damage_taken":810,"minecraft:strider_one_cm":2749,"minecraft:crouch_one_cm":84,"minecraft:leave_game":1,"minecraft:play_time":28387,"minecraft:sprint_one_cm":68892,"minecraft:walk_on_water_one_cm":12,"minecraft:time_since_death":2355,"minecraft:walk_one_cm":120879,"minecraft:sneak_time":96,"minecraft:climb_one_cm":9677,"minecraft:total_world_time":28387,"minecraft:damage_resisted":80,"minecraft:fall_one_cm":14271,"minecraft:fly_one_cm":38300}},"DataVersion":3465}