{"stats":{"minecraft:killed_by":{"minecraft:player":1},"minecraft:picked_up":{"minecraft:flower_pot":3,"minecraft:anvil":1,"minecraft:stone_slab":21,"minecraft:diamond_sword":11,"minecraft:oak_stairs":2,"minecraft:enchanted_book":12,"minecraft:golden_sword":1,"minecraft:blue_concrete":6,"minecraft:dark_oak_pressure_plate":4,"minecraft:string":6,"minecraft:dark_oak_trapdoor":1,"minecraft:ocelot_spawn_egg":2,"minecraft:red_nether_bricks":4,"minecraft:cobbled_deepslate":4,"minecraft:spruce_planks":8,"minecraft:written_book":4,"minecraft:coal_block":5,"minecraft:mangrove_log":2,"minecraft:crimson_sign":3,"minecraft:spruce_pressure_plate":3,"minecraft:crimson_pressure_plate":32,"minecraft:music_disc_blocks":3,"minecraft:big_dripleaf":1,"minecraft:farmland":5,"minecraft:brick_wall":2,"minecraft:sandstone_wall":1,"minecraft:lightning_rod":6,"minecraft:deepslate_tile_stairs":5,"minecraft:gray_shulker_box":4,"minecraft:command_block":25,"minecraft:light_blue_wool":14,"minecraft:iron_block":15,"minecraft:glowstone":3,"minecraft:end_rod":3,"minecraft:mangrove_door":11,"minecraft:iron_bars":23,"minecraft:barrier":27,"minecraft:polished_diorite_slab":2,"minecraft:iron_door":111,"minecraft:water_bucket":14,"minecraft:jungle_log":1,"minecraft:jungle_wood":1,"minecraft:gray_concrete":3,"minecraft:magenta_terracotta":1,"minecraft:mangrove_slab":20,"minecraft:lantern":117,"minecraft:dark_oak_sign":1,"minecraft:moss_block":1,"minecraft:lime_terracotta":1,"minecraft:barrel":4,"minecraft:quartz_bricks":7,"minecraft:polished_andesite":9,"minecraft:green_concrete":4,"minecraft:deepslate":6,"minecraft:lever":28,"minecraft:writable_book":3,"minecraft:blue_ice":6,"minecraft:spruce_button":1,"minecraft:rooted_dirt":1,"minecraft:dark_oak_fence":24,"minecraft:bricks":2,"minecraft:spruce_leaves":13,"minecraft:music_disc_5":1,"minecraft:lime_stained_glass_pane":1,"minecraft:coarse_dirt":1,"minecraft:bee_nest":7,"minecraft:purple_wool":1,"minecraft:orange_banner":5,"minecraft:crimson_trapdoor":1,"minecraft:stripped_mangrove_log":6,"minecraft:heavy_weighted_pressure_plate":6,"minecraft:cornflower":10,"minecraft:red_bed":7,"minecraft:acacia_door":168,"minecraft:flint_and_steel":3,"minecraft:snow":17,"minecraft:white_stained_glass":1,"minecraft:glass_pane":5,"minecraft:netherite_sword":4,"minecraft:beef":13,"minecraft:jungle_sapling":3,"minecraft:spruce_slab":7,"minecraft:birch_sapling":3,"minecraft:chest":8,"minecraft:quartz_stairs":18,"minecraft:black_stained_glass":1,"minecraft:sandstone":5,"minecraft:polished_deepslate_slab":1,"minecraft:stone":41,"minecraft:oak_door":2,"minecraft:music_disc_mellohi":1,"minecraft:spruce_fence":15,"minecraft:mangrove_sign":7,"minecraft:redstone":809,"minecraft:tnt":6,"minecraft:repeating_command_block":87,"minecraft:deepslate_bricks":5,"minecraft:hay_block":1,"minecraft:yellow_terracotta":2,"minecraft:warped_sign":6,"minecraft:white_shulker_box":4,"minecraft:rail":1,"minecraft:bone_block":1,"minecraft:white_wool":144,"minecraft:oxeye_daisy":3,"minecraft:yellow_shulker_box":8,"minecraft:mud_bricks":1,"minecraft:red_mushroom":2,"minecraft:brown_concrete":1,"minecraft:oak_log":9,"minecraft:paper":1,"minecraft:white_banner":114,"minecraft:stone_bricks":8,"minecraft:apple":4,"minecraft:reinforced_deepslate":2,"minecraft:music_disc_far":1,"minecraft:oak_fence_gate":3,"minecraft:tall_grass":2,"minecraft:mangrove_planks":5,"minecraft:dark_oak_stairs":7,"minecraft:dark_oak_slab":44,"minecraft:chain_command_block":3,"minecraft:smooth_basalt":11,"minecraft:green_glazed_terracotta":1,"minecraft:yellow_concrete":6,"minecraft:red_wool":146,"minecraft:light_blue_glazed_terracotta":1,"minecraft:gravel":3,"minecraft:spruce_sapling":34,"minecraft:spruce_log":9,"minecraft:sea_lantern":6,"minecraft:leather_helmet":1,"minecraft:infested_stone_bricks":1,"minecraft:oak_wood":1,"minecraft:firework_rocket":1,"minecraft:red_stained_glass":2,"minecraft:polished_diorite":3,"minecraft:short_grass":6,"minecraft:painting":1,"minecraft:birch_sign":68,"minecraft:oak_button":6,"minecraft:red_nether_brick_slab":2,"minecraft:mangrove_propagule":3,"minecraft:stripped_dark_oak_log":1,"minecraft:smooth_quartz_slab":6,"minecraft:prismarine_stairs":4,"minecraft:music_disc_strad":1,"minecraft:wheat":1443,"minecraft:light_blue_concrete":2,"minecraft:redstone_block":43,"minecraft:iron_trapdoor":2,"minecraft:yellow_wool":1,"minecraft:stone_brick_stairs":11,"minecraft:smooth_stone_slab":6,"minecraft:armor_stand":4,"minecraft:oak_sign":168,"minecraft:sea_pickle":3,"minecraft:red_sand":4,"minecraft:bucket":4,"minecraft:redstone_torch":61,"minecraft:cobblestone_slab":3,"minecraft:calcite":5,"minecraft:smooth_quartz":9,"minecraft:stick":36,"minecraft:deepslate_brick_wall":8,"minecraft:oak_fence":13,"minecraft:torch":31,"minecraft:spruce_stairs":7,"minecraft:snow_block":3,"minecraft:villager_spawn_egg":4,"minecraft:pointed_dripstone":2,"minecraft:diorite":1,"minecraft:vine":1,"minecraft:dirt_path":3,"minecraft:andesite_wall":2,"minecraft:quartz_block":407,"minecraft:cactus":10,"minecraft:mangrove_stairs":7,"minecraft:music_disc_ward":1,"minecraft:brown_shulker_box":1,"minecraft:green_wool":1,"minecraft:mangrove_roots":1,"minecraft:cobblestone":72,"minecraft:muddy_mangrove_roots":1,"minecraft:repeater":362,"minecraft:andesite":1,"minecraft:orange_carpet":10,"minecraft:beacon":1,"minecraft:mud_brick_stairs":5,"minecraft:tuff":4,"minecraft:warped_trapdoor":1,"minecraft:prismarine_bricks":2,"minecraft:green_shulker_box":3,"minecraft:dirt":8488,"minecraft:cut_sandstone_slab":1,"minecraft:weathered_cut_copper":1,"minecraft:mangrove_fence":15,"minecraft:glass":31,"minecraft:acacia_planks":2,"minecraft:wheat_seeds":4327,"minecraft:deepslate_brick_slab":1,"minecraft:cobbled_deepslate_slab":2,"minecraft:bell":1,"minecraft:mossy_stone_bricks":1,"minecraft:oak_planks":11,"minecraft:diorite_wall":8,"minecraft:gray_stained_glass":2,"minecraft:oak_pressure_plate":10,"minecraft:black_stained_glass_pane":1,"minecraft:polished_blackstone_slab":5,"minecraft:sand":27,"minecraft:nether_brick_stairs":4,"minecraft:grass_block":103,"minecraft:dead_bush":14,"minecraft:oxidized_cut_copper_slab":4,"minecraft:mossy_cobblestone":4,"minecraft:orange_wool":7,"minecraft:dark_prismarine":9,"minecraft:jungle_leaves":14,"minecraft:light_gray_concrete":3,"minecraft:dark_prismarine_slab":2,"minecraft:yellow_carpet":3,"minecraft:clay":1,"minecraft:black_concrete":2,"minecraft:mangrove_wood":3,"minecraft:slime_block":29,"minecraft:soul_lantern":2,"minecraft:yellow_stained_glass_pane":1,"minecraft:bone_meal":36,"minecraft:white_concrete":18,"minecraft:spruce_sign":24,"minecraft:oak_sapling":29,"minecraft:netherrack":3,"minecraft:oak_leaves":18,"minecraft:azure_bluet":6,"minecraft:ladder":78,"minecraft:brown_mushroom":2,"minecraft:packed_ice":12,"minecraft:pink_wool":2,"minecraft:stone_brick_wall":13,"minecraft:gold_block":14,"minecraft:chain":23,"minecraft:oak_trapdoor":2,"minecraft:moss_carpet":3,"minecraft:orange_concrete":2,"minecraft:quartz_slab":16,"minecraft:item_frame":13,"minecraft:warped_fence":5,"minecraft:birch_fence":5,"minecraft:magenta_wool":6,"minecraft:mossy_cobblestone_wall":1,"minecraft:lectern":1,"minecraft:blue_shulker_box":6,"minecraft:spruce_trapdoor":3,"minecraft:lime_wool":14,"minecraft:red_stained_glass_pane":4,"minecraft:flowering_azalea_leaves":4,"minecraft:note_block":3,"minecraft:quartz_pillar":13,"minecraft:stone_button":41,"minecraft:trident":1,"minecraft:stone_pressure_plate":1,"minecraft:dark_oak_planks":25,"minecraft:light_blue_stained_glass_pane":26,"minecraft:nether_bricks":1,"minecraft:petrified_oak_slab":4,"minecraft:infested_cracked_stone_bricks":1,"minecraft:soul_campfire":3,"minecraft:basalt":3,"minecraft:leather":8,"minecraft:cut_sandstone":4,"minecraft:music_disc_stal":1,"minecraft:ice":1,"minecraft:cobblestone_wall":10,"minecraft:cobblestone_stairs":6,"minecraft:orange_terracotta":1,"minecraft:podzol":1,"minecraft:red_carpet":19,"minecraft:acacia_trapdoor":11,"minecraft:spruce_wood":9,"minecraft:mossy_stone_brick_wall":1,"minecraft:prismarine_brick_slab":2,"minecraft:music_disc_chirp":4,"minecraft:oak_slab":8,"minecraft:stone_brick_slab":23,"minecraft:dandelion":46,"minecraft:dripstone_block":4,"minecraft:lava_bucket":4,"minecraft:red_banner":117,"minecraft:soul_torch":2,"minecraft:mud_brick_wall":3,"minecraft:green_carpet":61,"minecraft:spruce_door":6,"minecraft:mangrove_leaves":3,"minecraft:music_disc_mall":1,"minecraft:campfire":1,"minecraft:honey_block":2,"minecraft:terracotta":13,"minecraft:black_wool":1,"minecraft:red_concrete":3},"minecraft:mined":{"minecraft:tall_grass":3},"minecraft:used":{"minecraft:moss_block":5,"minecraft:music_disc_far":1,"minecraft:nether_brick_fence":12,"minecraft:writable_book":12,"minecraft:jack_o_lantern":9,"minecraft:smooth_quartz_slab":597,"minecraft:spruce_slab":943,"minecraft:dispenser":4,"minecraft:poppy":5,"minecraft:ladder":487,"minecraft:green_banner":4,"minecraft:chest":21,"minecraft:stone":32713,"minecraft:brown_concrete":314,"minecraft:white_shulker_box":2,"minecraft:warped_sign":7,"minecraft:red_nether_brick_stairs":2,"minecraft:quartz_stairs":2140,"minecraft:farmland":343,"minecraft:weathered_copper":12,"minecraft:lily_of_the_valley":7,"minecraft:blue_stained_glass":1,"minecraft:brick_slab":28,"minecraft:jungle_slab":34,"minecraft:allium":3,"minecraft:orange_wool":31,"minecraft:deepslate_brick_slab":86,"minecraft:azure_bluet":2,"minecraft:jungle_sapling":488,"minecraft:polished_blackstone_slab":5,"minecraft:packed_ice":674,"minecraft:honey_block":210,"minecraft:lava_bucket":1465,"minecraft:mangrove_stairs":58,"minecraft:quartz_pillar":1835,"minecraft:villager_spawn_egg":1,"minecraft:music_disc_pigstep":1,"minecraft:warped_hyphae":7,"minecraft:red_wool":488,"minecraft:black_stained_glass_pane":194,"minecraft:grass_block":60288,"minecraft:birch_sapling":101,"minecraft:music_disc_ward":1,"minecraft:polished_andesite_stairs":26,"minecraft:quartz_block":4346,"minecraft:music_disc_chirp":3,"minecraft:netherite_hoe":230,"minecraft:dark_oak_leaves":39,"minecraft:dark_oak_slab":1406,"minecraft:diorite_wall":120,"minecraft:pink_wool":401,"minecraft:stone_brick_stairs":1241,"minecraft:music_disc_stal":1,"minecraft:stripped_mangrove_log":24,"minecraft:red_stained_glass_pane":56,"minecraft:snow":1647,"minecraft:bow":17,"minecraft:oak_sapling":218,"minecraft:mangrove_slab":1039,"minecraft:gray_banner":1,"minecraft:seagrass":13,"minecraft:green_stained_glass_pane":6,"minecraft:dark_prismarine_stairs":1268,"minecraft:brown_concrete_powder":3,"minecraft:deepslate_brick_wall":122,"minecraft:short_grass":51,"minecraft:mossy_stone_bricks":11,"minecraft:diorite":59,"minecraft:leather_leggings":1,"minecraft:spruce_door":26,"minecraft:brick_wall":164,"minecraft:red_stained_glass":10,"minecraft:acacia_trapdoor":41,"minecraft:orange_tulip":5,"minecraft:cactus":115,"minecraft:mossy_stone_brick_stairs":2,"minecraft:clay":39,"minecraft:oak_leaves":796,"minecraft:smooth_quartz_stairs":99,"minecraft:dark_oak_trapdoor":27,"minecraft:sand":7345,"minecraft:cut_sandstone_slab":127,"minecraft:blue_ice":1164,"minecraft:oxidized_cut_copper_slab":254,"minecraft:chiseled_quartz_block":53,"minecraft:gray_concrete":394,"minecraft:deepslate_brick_stairs":12,"minecraft:lightning_rod":42,"minecraft:birch_fence":86,"minecraft:deepslate_tiles":15,"minecraft:red_sandstone":6390,"minecraft:mangrove_door":17,"minecraft:chiseled_sandstone":67,"minecraft:crying_obsidian":16,"minecraft:gray_stained_glass_pane":78,"minecraft:birch_slab":87,"minecraft:stone_button":241,"minecraft:lectern":32,"minecraft:red_terracotta":387,"minecraft:oak_pressure_plate":7,"minecraft:cut_red_sandstone":2,"minecraft:cat_spawn_egg":22,"minecraft:flowering_azalea_leaves":300,"minecraft:lilac":4,"minecraft:polished_andesite_slab":36,"minecraft:soul_lantern":15,"minecraft:magenta_stained_glass_pane":6,"minecraft:green_candle":5,"minecraft:coal_block":69,"minecraft:diamond_sword":360,"minecraft:exposed_cut_copper":9,"minecraft:dark_oak_fence":527,"minecraft:white_stained_glass":1,"minecraft:green_concrete_powder":2,"minecraft:birch_log":4,"minecraft:ice":140,"minecraft:purple_wool":9,"minecraft:gray_stained_glass":64,"minecraft:oak_trapdoor":45,"minecraft:iron_bars":350,"minecraft:orange_concrete":137,"minecraft:dead_bush":106,"minecraft:carved_pumpkin":4,"minecraft:red_concrete":339,"minecraft:armor_stand":16,"minecraft:light_gray_carpet":5,"minecraft:tinted_glass":2,"minecraft:music_disc_5":1,"minecraft:mangrove_fence":256,"minecraft:sandstone_wall":175,"minecraft:netherrack":4389,"minecraft:green_glazed_terracotta":1,"minecraft:torch":118,"minecraft:anvil":7,"minecraft:warped_wart_block":32,"minecraft:target":2,"minecraft:stone_stairs":51,"minecraft:nether_brick_slab":152,"minecraft:yellow_carpet":32,"minecraft:blue_concrete":386,"minecraft:mud_brick_stairs":184,"minecraft:nether_brick_stairs":32,"minecraft:oak_fence_gate":100,"minecraft:polished_diorite":1525,"minecraft:fern":17,"minecraft:orange_candle":5,"minecraft:mossy_cobblestone_stairs":2,"minecraft:music_disc_mellohi":1,"minecraft:red_shulker_box":1,"minecraft:sea_lantern":765,"minecraft:flowering_azalea":38,"minecraft:chipped_anvil":1,"minecraft:rooted_dirt":66,"minecraft:iron_block":111,"minecraft:muddy_mangrove_roots":2,"minecraft:spruce_button":1,"minecraft:slime_block":150,"minecraft:brick_stairs":27,"minecraft:birch_hanging_sign":2,"minecraft:jungle_log":502,"minecraft:smooth_quartz":5175,"minecraft:piglin_brute_spawn_egg":33,"minecraft:mud_bricks":40,"minecraft:pink_stained_glass_pane":5,"minecraft:barrel":102,"minecraft:prismarine_slab":1,"minecraft:smooth_basalt":3532,"minecraft:basalt":369,"minecraft:glowstone":276,"minecraft:lime_concrete":3,"minecraft:warped_stairs":2,"minecraft:magenta_wool":61,"minecraft:tall_grass":33,"minecraft:iron_trapdoor":29,"minecraft:magenta_terracotta":58,"minecraft:podzol":96,"minecraft:trapped_chest":12,"minecraft:acacia_planks":4,"minecraft:cobbled_deepslate":64,"minecraft:orange_terracotta":48,"minecraft:pointed_dripstone":8,"minecraft:calcite":243,"minecraft:wheat_seeds":498,"minecraft:water_bucket":4198,"minecraft:yellow_banner":1,"minecraft:warped_stem":10,"minecraft:nether_brick_wall":1,"minecraft:mangrove_wood":1561,"minecraft:light_blue_glazed_terracotta":1,"minecraft:dirt_path":107,"minecraft:sandstone_stairs":7,"minecraft:prismarine_brick_slab":52,"minecraft:birch_planks":247,"minecraft:yellow_shulker_box":16,"minecraft:lime_wool":55,"minecraft:waxed_oxidized_cut_copper":2,"minecraft:red_mushroom_block":4,"minecraft:spruce_fence_gate":110,"minecraft:deepslate_bricks":562,"minecraft:cracked_stone_bricks":13,"minecraft:diamond_block":1,"minecraft:polished_deepslate_slab":48,"minecraft:mossy_cobblestone":51,"minecraft:orange_carpet":12,"minecraft:light_gray_banner":1,"minecraft:rail":15,"minecraft:vine":6,"minecraft:oak_slab":937,"minecraft:tnt":72,"minecraft:red_bed":5,"minecraft:crimson_trapdoor":21,"minecraft:birch_sign":98,"minecraft:campfire":6,"minecraft:mangrove_sign":24,"minecraft:spruce_log":600,"minecraft:music_disc_strad":1,"minecraft:deepslate_tile_wall":5,"minecraft:oak_log":298,"minecraft:blue_stained_glass_pane":42,"minecraft:mud":168,"minecraft:dark_prismarine":296,"minecraft:cornflower":1,"minecraft:oxeye_daisy":8,"minecraft:waxed_exposed_cut_copper_stairs":16,"minecraft:diamond_shovel":143,"minecraft:mangrove_propagule":1,"minecraft:oak_button":13,"minecraft:spruce_pressure_plate":16,"minecraft:spruce_trapdoor":152,"minecraft:spruce_sapling":265,"minecraft:music_disc_blocks":3,"minecraft:crimson_sign":6,"minecraft:chiseled_stone_bricks":12,"minecraft:blue_carpet":21,"minecraft:green_carpet":14,"minecraft:cobblestone":534,"minecraft:azalea_leaves":149,"minecraft:orange_banner":10,"minecraft:red_concrete_powder":4,"minecraft:glass_pane":613,"minecraft:repeating_command_block":396,"minecraft:stripped_oak_log":9,"minecraft:dandelion":4,"minecraft:candle":6,"minecraft:brown_mushroom_block":36,"minecraft:jukebox":3,"minecraft:light_blue_banner":2,"minecraft:light_blue_stained_glass_pane":516,"minecraft:red_sand":4757,"minecraft:polished_deepslate":93,"minecraft:diamond_hoe":2,"minecraft:oak_sign":246,"minecraft:polished_basalt":1,"minecraft:white_concrete_powder":9,"minecraft:white_terracotta":852,"minecraft:bell":3,"minecraft:mossy_stone_brick_slab":21,"minecraft:smooth_sandstone_stairs":6,"minecraft:green_terracotta":2,"minecraft:oxidized_cut_copper":46,"minecraft:white_candle":12,"minecraft:spruce_leaves":807,"minecraft:birch_pressure_plate":1,"minecraft:jungle_planks":42,"minecraft:nether_bricks":72,"minecraft:pink_terracotta":86,"minecraft:tuff":257,"minecraft:beehive":10,"minecraft:polished_deepslate_stairs":1,"minecraft:big_dripleaf":18,"minecraft:glass":688,"minecraft:crimson_button":1,"minecraft:mangrove_log":208,"minecraft:bricks":48,"minecraft:quartz_slab":3550,"minecraft:spruce_wood":23,"minecraft:lantern":428,"minecraft:blue_orchid":20,"minecraft:green_wool":9,"minecraft:dark_oak_wood":9,"minecraft:mossy_cobblestone_slab":9,"minecraft:raw_gold_block":3,"minecraft:stone_bricks":3101,"minecraft:item_frame":22,"minecraft:birch_trapdoor":19,"minecraft:reinforced_deepslate":4,"minecraft:red_carpet":984,"minecraft:repeater":1515,"minecraft:red_nether_brick_wall":62,"minecraft:magma_block":331,"minecraft:hay_block":54,"minecraft:written_book":10,"minecraft:infested_cracked_stone_bricks":31,"minecraft:mangrove_roots":200,"minecraft:blue_shulker_box":8,"minecraft:polished_diorite_stairs":197,"minecraft:gold_block":294,"minecraft:zoglin_spawn_egg":1,"minecraft:dark_oak_sapling":2,"minecraft:mangrove_leaves":3017,"minecraft:zombie_horse_spawn_egg":1,"minecraft:dark_oak_stairs":1206,"minecraft:waxed_oxidized_cut_copper_slab":4,"minecraft:end_rod":89,"minecraft:birch_leaves":53,"minecraft:jungle_fence":2,"minecraft:mangrove_planks":891,"minecraft:oak_planks":636,"minecraft:prismarine_stairs":2,"minecraft:polished_diorite_slab":179,"minecraft:sandstone":3817,"minecraft:redstone_block":189,"minecraft:white_wool":648,"minecraft:yellow_terracotta":113,"minecraft:light_blue_concrete":46,"minecraft:lime_stained_glass_pane":45,"minecraft:light_blue_wool":37,"minecraft:black_banner":13,"minecraft:yellow_concrete":207,"minecraft:note_block":75,"minecraft:dripstone_block":427,"minecraft:stone_brick_wall":517,"minecraft:end_stone":7,"minecraft:cobbled_deepslate_stairs":20,"minecraft:redstone_torch":6,"minecraft:sticky_piston":8,"minecraft:black_terracotta":15,"minecraft:lever":106,"minecraft:green_concrete":112,"minecraft:black_concrete":425,"minecraft:firework_rocket":2290,"minecraft:gray_shulker_box":7,"minecraft:birch_fence_gate":31,"minecraft:acacia_door":9,"minecraft:dark_oak_log":4,"minecraft:light_gray_concrete":1319,"minecraft:heavy_weighted_pressure_plate":11,"minecraft:music_disc_mall":1,"minecraft:barrier":3066,"minecraft:string":25,"minecraft:warped_slab":4,"minecraft:iron_door":102,"minecraft:deepslate":799,"minecraft:gravel":560,"minecraft:granite_slab":4,"minecraft:jungle_sign":1,"minecraft:waxed_oxidized_cut_copper_stairs":621,"minecraft:crimson_door":1,"minecraft:andesite":41,"minecraft:chain":442,"minecraft:smooth_stone_slab":914,"minecraft:white_concrete":2976,"minecraft:coarse_dirt":288,"minecraft:bone_meal":11290,"minecraft:cobweb":20,"minecraft:azalea":5,"minecraft:oak_fence":1455,"minecraft:petrified_oak_slab":24,"minecraft:netherite_sword":54,"minecraft:jungle_leaves":3084,"minecraft:rose_bush":11,"minecraft:white_tulip":2,"minecraft:crimson_fence":10,"minecraft:flint_and_steel":43,"minecraft:redstone":2129,"minecraft:light_blue_terracotta":3,"minecraft:spruce_planks":921,"minecraft:brown_shulker_box":3,"minecraft:stripped_birch_wood":15,"minecraft:stone_hoe":1,"minecraft:oak_door":7,"minecraft:dirt":4255,"minecraft:spyglass":8,"minecraft:red_nether_brick_slab":31,"minecraft:hopper":2,"minecraft:spruce_stairs":141,"minecraft:cobblestone_wall":134,"minecraft:oak_wood":14,"minecraft:bee_nest":14,"minecraft:spruce_fence":631,"minecraft:granite":28,"minecraft:light_blue_stained_glass":4,"minecraft:andesite_wall":120,"minecraft:birch_door":1,"minecraft:stone_brick_slab":1549,"minecraft:dark_oak_planks":554,"minecraft:brown_terracotta":9,"minecraft:bookshelf":15,"minecraft:red_tulip":2,"minecraft:yellow_stained_glass":7,"minecraft:oak_stairs":219,"minecraft:acacia_slab":4,"minecraft:crimson_slab":1,"minecraft:red_candle":17,"minecraft:crimson_planks":133,"minecraft:light_gray_wool":32,"minecraft:weathered_cut_copper":14,"minecraft:black_stained_glass":5,"minecraft:lime_stained_glass":3,"minecraft:deepslate_tile_stairs":245,"minecraft:white_stained_glass_pane":49,"minecraft:minecart":1,"minecraft:stone_pressure_plate":23,"minecraft:mossy_stone_brick_wall":40,"minecraft:quartz_bricks":4485,"minecraft:amethyst_block":5,"minecraft:iron_ore":24,"minecraft:pink_tulip":3,"minecraft:cobblestone_stairs":46,"minecraft:snow_block":13,"minecraft:polished_andesite":470,"minecraft:red_nether_bricks":65,"minecraft:mud_brick_slab":15,"minecraft:blue_wool":29,"minecraft:andesite_slab":10,"minecraft:black_shulker_box":8,"minecraft:cut_sandstone":342,"minecraft:brown_mushroom":1,"minecraft:spruce_sign":101,"minecraft:magenta_stained_glass":88,"minecraft:beacon":18,"minecraft:cobblestone_slab":101,"minecraft:glow_item_frame":9,"minecraft:jungle_wood":22,"minecraft:mangrove_trapdoor":22,"minecraft:terracotta":916,"minecraft:stripped_dark_oak_log":20,"minecraft:dark_prismarine_slab":859,"minecraft:red_mushroom":2,"minecraft:brown_banner":2,"minecraft:yellow_stained_glass_pane":73,"minecraft:light_gray_concrete_powder":29,"minecraft:painting":195,"minecraft:infested_stone_bricks":510,"minecraft:dark_oak_door":12,"minecraft:cyan_stained_glass":3,"minecraft:purple_stained_glass":1,"minecraft:piston":2,"minecraft:netherite_block":8,"minecraft:flower_pot":16,"minecraft:black_wool":91,"minecraft:command_block":838,"minecraft:magenta_concrete":134,"minecraft:stone_slab":1733,"minecraft:yellow_wool":174,"minecraft:green_shulker_box":14,"minecraft:cobbled_deepslate_slab":26,"minecraft:mud_brick_wall":26,"minecraft:cyan_stained_glass_pane":17,"minecraft:white_banner":351,"minecraft:bucket":96,"minecraft:jungle_door":11,"minecraft:red_banner":410,"minecraft:chain_command_block":17,"minecraft:sea_pickle":55,"minecraft:smooth_stone":3,"minecraft:splash_potion":9,"minecraft:soul_torch":9},"minecraft:dropped":{"minecraft:repeating_command_block":1,"minecraft:dark_oak_slab":1,"minecraft:quartz_pillar":1,"minecraft:elytra":2,"minecraft:red_carpet":2,"minecraft:gold_block":2,"minecraft:dirt":1,"minecraft:stone_button":3,"minecraft:bone_meal":2,"minecraft:sand":2,"minecraft:quartz_bricks":1,"minecraft:azalea_leaves":1,"minecraft:quartz_block":4,"minecraft:spruce_slab":2,"minecraft:enchanted_book":50,"minecraft:smooth_quartz_stairs":1,"minecraft:barrier":2,"minecraft:command_block":3,"minecraft:yellow_carpet":1,"minecraft:paper":1,"minecraft:stone_brick_slab":1,"minecraft:deepslate":1,"minecraft:red_banner":1,"minecraft:slime_block":1,"minecraft:mangrove_door":1,"minecraft:light_gray_concrete":1,"minecraft:spruce_fence":2,"minecraft:oak_sign":2,"minecraft:diamond_sword":2,"minecraft:stone":4,"minecraft:spruce_planks":1,"minecraft:red_sand":1,"minecraft:spruce_sign":1,"minecraft:oak_log":1,"minecraft:red_wool":1,"minecraft:mangrove_planks":1,"minecraft:polished_diorite_stairs":1,"minecraft:lime_wool":1,"minecraft:stone_brick_wall":1,"minecraft:iron_bars":1,"minecraft:written_book":1,"minecraft:magenta_wool":2,"minecraft:splash_potion":1,"minecraft:firework_rocket":1,"minecraft:oak_slab":1,"minecraft:grass_block":6,"minecraft:stick":2,"minecraft:repeater":1,"minecraft:smooth_quartz":1,"minecraft:redstone_block":2,"minecraft:redstone":1,"minecraft:quartz_stairs":2,"minecraft:pink_wool":1},"minecraft:killed":{"minecraft:cat":1,"minecraft:cow":4,"minecraft:ocelot":8,"minecraft:bee":6,"minecraft:villager":92},"minecraft:custom":{"minecraft:open_barrel":30,"minecraft:bell_ring":48,"minecraft:leave_game":323,"minecraft:time_since_death":38334,"minecraft:play_time":17791457,"minecraft:deaths":585,"minecraft:jump":111394,"minecraft:play_record":14,"minecraft:sleep_in_bed":2,"minecraft:damage_dealt":21401,"minecraft:inspect_dispenser":5,"minecraft:horse_one_cm":1006,"minecraft:interact_with_anvil":7,"minecraft:inspect_hopper":2,"minecraft:sneak_time":1032616,"minecraft:interact_with_lectern":151,"minecraft:total_world_time":18183158,"minecraft:tune_noteblock":456,"minecraft:time_since_rest":38335,"minecraft:swim_one_cm":186544,"minecraft:fly_one_cm":200518091,"minecraft:open_chest":23,"minecraft:fall_one_cm":1101197,"minecraft:open_shulker_box":191,"minecraft:sprint_one_cm":19509138,"minecraft:drop":129,"minecraft:talked_to_villager":3,"minecraft:walk_on_water_one_cm":401309,"minecraft:interact_with_loom":34,"minecraft:interact_with_beacon":11,"minecraft:player_kills":1,"minecraft:crouch_one_cm":1084168,"minecraft:mob_kills":111,"minecraft:climb_one_cm":516676,"minecraft:walk_one_cm":13320276,"minecraft:walk_under_water_one_cm":301002,"minecraft:pot_flower":11,"minecraft:damage_taken":71583,"minecraft:trigger_trapped_chest":2,"minecraft:minecart_one_cm":295,"minecraft:aviate_one_cm":6947941}},"DataVersion":3700}