{"stats":{"minecraft:picked_up":{"minecraft:iron_chestplate":1,"minecraft:flower_pot":1,"minecraft:suspicious_stew":2,"minecraft:lead":19,"minecraft:diamond_sword":127,"minecraft:music_disc_cat":15,"minecraft:pufferfish":4,"minecraft:diamond_leggings":3,"minecraft:crimson_fence":2,"minecraft:spruce_planks":8,"minecraft:acacia_fence_gate":2,"minecraft:written_book":3,"minecraft:golden_helmet":48,"minecraft:mojang_banner_pattern":49,"minecraft:beehive":448,"minecraft:music_disc_blocks":1,"minecraft:purpur_pillar":2,"minecraft:golden_axe":1,"minecraft:golden_chestplate":1,"minecraft:command_block":63,"minecraft:cyan_terracotta":1,"minecraft:netherite_chestplate":1,"minecraft:snowball":37,"minecraft:barrier":10,"minecraft:chipped_anvil":2,"minecraft:gray_terracotta":8,"minecraft:honeycomb":96,"minecraft:dropper":71,"minecraft:acacia_stairs":2,"minecraft:quartz_bricks":1,"minecraft:chainmail_helmet":50,"minecraft:diamond_pickaxe":1,"minecraft:magenta_glazed_terracotta":1,"minecraft:spruce_leaves":1,"minecraft:bee_nest":770,"minecraft:purple_wool":1,"minecraft:redstone_lamp":1,"minecraft:crimson_trapdoor":2,"minecraft:white_stained_glass":6,"minecraft:netherite_sword":1,"minecraft:music_disc_otherside":2,"minecraft:poppy":84,"minecraft:spruce_slab":72,"minecraft:cherry_button":2,"minecraft:piston":8,"minecraft:egg":1,"minecraft:music_disc_mellohi":1,"minecraft:redstone":20,"minecraft:red_nether_brick_wall":2,"minecraft:tnt":1,"minecraft:repeating_command_block":3,"minecraft:diamond_chestplate":1,"minecraft:clock":48,"minecraft:chiseled_bookshelf":2,"minecraft:packed_mud":1,"minecraft:golden_boots":1,"minecraft:paper":15,"minecraft:apple":1,"minecraft:stone_bricks":1,"minecraft:music_disc_far":1,"minecraft:iron_sword":24,"minecraft:dark_oak_stairs":4,"minecraft:white_stained_glass_pane":7,"minecraft:chain_command_block":4,"minecraft:milk_bucket":67,"minecraft:light_gray_stained_glass":2,"minecraft:yellow_concrete":1,"minecraft:red_wool":4,"minecraft:spyglass":48,"minecraft:gravel":1,"minecraft:crimson_stairs":1,"minecraft:crying_obsidian":1,"minecraft:stone_axe":128,"minecraft:painting":3,"minecraft:deepslate_redstone_ore":8,"minecraft:diamond_axe":1,"minecraft:oak_button":5,"minecraft:hopper":1,"minecraft:shulker_shell":64,"minecraft:black_carpet":2,"minecraft:redstone_block":2,"minecraft:iron_trapdoor":1,"minecraft:potion":1,"minecraft:gilded_blackstone":2,"minecraft:smooth_stone":6,"minecraft:calcite":5,"minecraft:ender_eye":46,"minecraft:iron_pickaxe":1,"minecraft:acacia_fence":2,"minecraft:brown_terracotta":3,"minecraft:snow_block":9,"minecraft:crimson_button":2,"minecraft:pointed_dripstone":2,"minecraft:vine":1,"minecraft:leather_horse_armor":1,"minecraft:cod":71,"minecraft:tuff":3,"minecraft:name_tag":3,"minecraft:leather_boots":1,"minecraft:acacia_planks":2,"minecraft:bow":13,"minecraft:crimson_fence_gate":2,"minecraft:bell":2,"minecraft:popped_chorus_fruit":64,"minecraft:netherite_axe":1,"minecraft:cyan_concrete":2,"minecraft:powered_rail":2,"minecraft:oak_planks":2,"minecraft:music_disc_13":11,"minecraft:jungle_planks":3,"minecraft:sand":67,"minecraft:grass_block":11,"minecraft:diamond":8,"minecraft:black_concrete":64,"minecraft:bone_meal":1,"minecraft:golden_apple":1,"minecraft:white_concrete":1,"minecraft:chorus_fruit":64,"minecraft:netherrack":1,"minecraft:cocoa_beans":58,"minecraft:end_stone_brick_stairs":2,"minecraft:turtle_helmet":1,"minecraft:shield":1,"minecraft:iron_axe":50,"minecraft:item_frame":5,"minecraft:mycelium":12,"minecraft:blackstone":1,"minecraft:oak_boat":1,"minecraft:player_head":25,"minecraft:tinted_glass":1,"minecraft:lime_wool":1,"minecraft:music_disc_relic":1,"minecraft:music_disc_11":382,"minecraft:trident":29,"minecraft:brown_dye":2,"minecraft:iron_horse_armor":1,"minecraft:dark_oak_planks":3,"minecraft:arrow":1,"minecraft:netherite_boots":1,"minecraft:salmon":45,"minecraft:music_disc_stal":1,"minecraft:ice":1,"minecraft:bedrock":1,"minecraft:cobblestone_wall":4,"minecraft:piglin_head":1,"minecraft:acacia_trapdoor":3,"minecraft:spruce_wood":1,"minecraft:iron_ingot":128,"minecraft:music_disc_chirp":2,"minecraft:book":58,"minecraft:scaffolding":2,"minecraft:bamboo_fence":1,"minecraft:brush":49,"minecraft:music_disc_mall":1,"minecraft:chainmail_leggings":2,"minecraft:iron_helmet":1,"minecraft:damaged_anvil":6,"minecraft:acacia_slab":3},"minecraft:dropped":{"minecraft:iron_sword":13,"minecraft:repeating_command_block":4,"minecraft:piston":72,"minecraft:emerald_ore":64,"minecraft:crafting_table":1,"minecraft:pitcher_pod":64,"minecraft:warped_fungus_on_a_stick":3,"minecraft:music_disc_relic":1,"minecraft:cookie":64,"minecraft:quartz_pillar":1,"minecraft:elytra":1,"minecraft:rail":1,"minecraft:leather_helmet":1,"minecraft:item_frame":2,"minecraft:gold_block":2,"minecraft:packed_mud":2,"minecraft:dirt":1,"minecraft:large_fern":2,"minecraft:waxed_exposed_cut_copper_slab":1,"minecraft:netherite_boots":1,"minecraft:cherry_button":2,"minecraft:chain":3,"minecraft:writable_book":1,"minecraft:acacia_fence_gate":1,"minecraft:bone_block":64,"minecraft:sunflower":64,"minecraft:sand":67,"minecraft:purple_wool":8,"minecraft:iron_pickaxe":1,"minecraft:dark_oak_planks":75,"minecraft:cyan_carpet":1,"minecraft:green_wool":4,"minecraft:pink_concrete":1,"minecraft:brain_coral_fan":64,"minecraft:stone_axe":36,"minecraft:music_disc_chirp":1,"minecraft:detector_rail":64,"minecraft:golden_chestplate":1,"minecraft:tinted_glass":5,"minecraft:black_carpet":1,"minecraft:blue_wool":2,"minecraft:oak_planks":2,"minecraft:deepslate_emerald_ore":64,"minecraft:sea_lantern":1,"minecraft:diorite_wall":1,"minecraft:honey_block":1,"minecraft:painting":2,"minecraft:spruce_slab":40,"minecraft:glass":67,"minecraft:crying_obsidian":1,"minecraft:acacia_fence":1,"minecraft:golden_boots":2,"minecraft:tnt":2,"minecraft:netherite_chestplate":1,"minecraft:purpur_slab":1,"minecraft:barrier":32,"minecraft:iron_helmet":1,"minecraft:book":3,"minecraft:apple":3,"minecraft:crimson_fence_gate":1,"minecraft:command_block":70,"minecraft:warped_trapdoor":2,"minecraft:cobweb":1,"minecraft:jungle_slab":64,"minecraft:crimson_stairs":8,"minecraft:diamond_helmet":1,"minecraft:potion":1,"minecraft:brown_terracotta":3,"minecraft:magenta_glazed_terracotta":2,"minecraft:chipped_anvil":1,"minecraft:smooth_stone":1,"minecraft:chainmail_leggings":2,"minecraft:paper":3,"minecraft:lily_pad":64,"minecraft:acacia_planks":4,"minecraft:red_nether_brick_wall":1,"minecraft:snow_block":9,"minecraft:purpur_pillar":1,"minecraft:moss_carpet":3,"minecraft:light_blue_glazed_terracotta":1,"minecraft:player_head":17,"minecraft:cobblestone_wall":5,"minecraft:dark_oak_sign":1,"minecraft:cocoa_beans":131,"minecraft:deepslate":1,"minecraft:red_banner":2,"minecraft:blue_concrete":1,"minecraft:slime_block":64,"minecraft:damaged_anvil":1,"minecraft:name_tag":3,"minecraft:white_terracotta":1,"minecraft:debug_stick":1,"minecraft:orange_wool":1,"minecraft:spruce_fence":1,"minecraft:oak_sign":21,"minecraft:suspicious_stew":4,"minecraft:diamond_sword":452,"minecraft:cyan_wool":10,"minecraft:shroomlight":1,"minecraft:stone":1,"minecraft:lime_glazed_terracotta":1,"minecraft:flower_pot":2,"minecraft:spruce_planks":6,"minecraft:diamond_pickaxe":1,"minecraft:carved_pumpkin":2,"minecraft:stone_bricks":2,"minecraft:brown_carpet":2,"minecraft:sandstone":1,"minecraft:bow":12,"minecraft:bell":4,"minecraft:stripped_spruce_wood":1,"minecraft:black_wool":2,"minecraft:gold_ore":1,"minecraft:daylight_detector":2,"minecraft:moss_block":4,"minecraft:dark_oak_stairs":8,"minecraft:diamond_axe":2,"minecraft:polished_granite_slab":1,"minecraft:honeycomb":86,"minecraft:jungle_planks":8,"minecraft:red_wool":3,"minecraft:iron_horse_armor":1,"minecraft:bedrock":4,"minecraft:carrot_on_a_stick":2,"minecraft:structure_void":1,"minecraft:spruce_leaves":2,"minecraft:cyan_terracotta":12,"minecraft:crimson_trapdoor":2,"minecraft:ice":4,"minecraft:brush":1,"minecraft:snowball":53,"minecraft:white_stained_glass_pane":1,"minecraft:gilded_blackstone":1,"minecraft:black_concrete":65,"minecraft:black_stained_glass":7,"minecraft:cauldron":3,"minecraft:armor_stand":1,"minecraft:gravel":1,"minecraft:red_glazed_terracotta":1,"minecraft:blackstone":1,"minecraft:lime_wool":2,"minecraft:pointed_dripstone":1,"minecraft:fern":1,"minecraft:beehive":452,"minecraft:acacia_stairs":1,"minecraft:mycelium":12,"minecraft:carrot":64,"minecraft:recovery_compass":64,"minecraft:poppy":172,"minecraft:turtle_helmet":1,"minecraft:trident":37,"minecraft:reinforced_deepslate":1,"minecraft:dropper":1,"minecraft:acacia_slab":6,"minecraft:bee_nest":772,"minecraft:chainmail_boots":2,"minecraft:spruce_wood":1,"minecraft:cyan_concrete":16,"minecraft:iron_bars":1,"minecraft:arrow":2,"minecraft:powered_rail":9,"minecraft:chain_command_block":3,"minecraft:scaffolding":5,"minecraft:splash_potion":3,"minecraft:written_book":1,"minecraft:magenta_wool":1,"minecraft:light_gray_concrete_powder":1,"minecraft:polished_granite":4,"minecraft:netherrack":1,"minecraft:vine":2,"minecraft:golden_helmet":1,"minecraft:minecart":1,"minecraft:bookshelf":3,"minecraft:yellow_concrete":2,"minecraft:diamond_leggings":2,"minecraft:netherite_axe":2,"minecraft:golden_axe":1,"minecraft:lead":12,"minecraft:andesite_wall":1,"minecraft:sculk_vein":64,"minecraft:amethyst_block":2,"minecraft:frogspawn":64,"minecraft:chiseled_bookshelf":5,"minecraft:grass_block":20,"minecraft:acacia_trapdoor":3,"minecraft:milk_bucket":648,"minecraft:brewing_stand":1,"minecraft:leather_horse_armor":2,"minecraft:light_gray_shulker_box":1,"minecraft:light_gray_stained_glass":10,"minecraft:crimson_fence":1,"minecraft:music_disc_cat":2,"minecraft:redstone_block":131,"minecraft:redstone":148,"minecraft:polished_deepslate":1,"minecraft:waxed_weathered_cut_copper_stairs":1,"minecraft:red_concrete":64,"minecraft:anvil":1,"minecraft:light_gray_terracotta":1,"minecraft:tuff":18,"minecraft:light":1,"minecraft:crimson_button":1,"minecraft:gray_terracotta":10,"minecraft:shield":1,"minecraft:end_stone_brick_stairs":1,"minecraft:oak_button":134,"minecraft:diamond_chestplate":2,"minecraft:iron_chestplate":1,"minecraft:birch_sign":1,"minecraft:calcite":8,"minecraft:white_stained_glass":2,"minecraft:amethyst_cluster":1},"minecraft:killed":{"minecraft:shulker":1,"minecraft:skeleton":1,"minecraft:guardian":1,"minecraft:cat":7,"minecraft:magma_cube":4,"minecraft:parrot":4,"minecraft:pillager":2,"minecraft:zombie":17,"minecraft:cow":3,"minecraft:evoker":2,"minecraft:snow_golem":4,"minecraft:warden":5,"minecraft:frog":1,"minecraft:ravager":2,"minecraft:zombified_piglin":10,"minecraft:piglin":7,"minecraft:pig":41,"minecraft:creeper":1,"minecraft:villager":1},"minecraft:used":{"minecraft:moss_block":14,"minecraft:orange_dye":2,"minecraft:music_disc_far":1,"minecraft:nether_brick_fence":6,"minecraft:polished_granite_stairs":1,"minecraft:writable_book":4,"minecraft:chiseled_deepslate":2,"minecraft:cut_red_sandstone_slab":1,"minecraft:smooth_quartz_slab":2,"minecraft:dispenser":2,"minecraft:suspicious_sand":2,"minecraft:poppy":1,"minecraft:elytra":5,"minecraft:ladder":4,"minecraft:black_carpet":1,"minecraft:chest":34,"minecraft:stone":109,"minecraft:quartz_stairs":2,"minecraft:blue_stained_glass":3,"minecraft:jungle_slab":35,"minecraft:orange_wool":62,"minecraft:acacia_button":3,"minecraft:snowball":1115,"minecraft:stripped_spruce_log":4,"minecraft:music_disc_relic":2,"minecraft:warden_spawn_egg":4,"minecraft:honey_block":27,"minecraft:packed_ice":6,"minecraft:lava_bucket":3,"minecraft:quartz_pillar":20,"minecraft:villager_spawn_egg":1,"minecraft:red_wool":435,"minecraft:black_stained_glass_pane":1,"minecraft:deepslate_copper_ore":2,"minecraft:grass_block":236,"minecraft:polished_andesite_stairs":2,"minecraft:music_disc_chirp":4,"minecraft:netherite_hoe":9,"minecraft:dark_oak_slab":21,"minecraft:cherry_button":10,"minecraft:pink_wool":2,"minecraft:stone_brick_stairs":4,"minecraft:music_disc_stal":2,"minecraft:dolphin_spawn_egg":1,"minecraft:bow":21,"minecraft:furnace":1,"minecraft:yellow_glazed_terracotta":1,"minecraft:oak_sapling":12,"minecraft:egg":85,"minecraft:dragon_head":1,"minecraft:lime_glazed_terracotta":20,"minecraft:diorite":20,"minecraft:damaged_anvil":28,"minecraft:cow_spawn_egg":3,"minecraft:warped_fungus_on_a_stick":12,"minecraft:chorus_fruit":1,"minecraft:red_stained_glass":3,"minecraft:acacia_trapdoor":8,"minecraft:powered_rail":45,"minecraft:prismarine":1,"minecraft:clay":4,"minecraft:purpur_pillar":3,"minecraft:oak_leaves":14,"minecraft:cookie":1,"minecraft:dark_oak_trapdoor":2,"minecraft:blue_dye":1,"minecraft:sand":4,"minecraft:gray_concrete":33,"minecraft:red_sandstone_wall":1,"minecraft:bamboo_button":15,"minecraft:lightning_rod":4,"minecraft:deepslate_tiles":8,"minecraft:deepslate_iron_ore":1,"minecraft:stone_button":5,"minecraft:polished_granite":108,"minecraft:cat_spawn_egg":41,"minecraft:pufferfish":1,"minecraft:diamond_sword":10,"minecraft:wooden_sword":56,"minecraft:white_stained_glass":6,"minecraft:piglin_spawn_egg":12,"minecraft:ice":32,"minecraft:oak_boat":11,"minecraft:purple_wool":20,"minecraft:gray_stained_glass":2,"minecraft:diorite_stairs":33,"minecraft:orange_concrete":1,"minecraft:armor_stand":32,"minecraft:red_concrete":28,"minecraft:tinted_glass":49,"minecraft:structure_block":4,"minecraft:netherrack":5,"minecraft:bee_spawn_egg":46,"minecraft:orange_stained_glass":6,"minecraft:green_glazed_terracotta":4,"minecraft:torch":2,"minecraft:light_gray_shulker_box":5,"minecraft:brewing_stand":17,"minecraft:anvil":5,"minecraft:light_blue_dye":1,"minecraft:chorus_flower":1,"minecraft:crimson_hyphae":1,"minecraft:blue_concrete":1,"minecraft:polished_diorite":1,"minecraft:music_disc_mellohi":1,"minecraft:sea_lantern":1,"minecraft:chipped_anvil":2,"minecraft:bamboo_fence":1,"minecraft:iron_block":17,"minecraft:slime_block":3,"minecraft:spruce_button":3,"minecraft:spawner":3,"minecraft:chicken_spawn_egg":2,"minecraft:smooth_quartz":1,"minecraft:lime_dye":2,"minecraft:barrel":41,"minecraft:bamboo":9,"minecraft:purple_concrete":1,"minecraft:lime_concrete":2,"minecraft:magenta_wool":4,"minecraft:iron_trapdoor":2,"minecraft:goat_horn":35,"minecraft:acacia_planks":227,"minecraft:observer":1,"minecraft:golden_axe":3,"minecraft:calcite":29,"minecraft:deepslate_emerald_ore":2,"minecraft:wheat_seeds":9,"minecraft:water_bucket":226,"minecraft:chiseled_bookshelf":3,"minecraft:bundle":11,"minecraft:lime_wool":12,"minecraft:waxed_oxidized_cut_copper":2,"minecraft:cauldron":19,"minecraft:glow_ink_sac":22,"minecraft:conduit":6,"minecraft:snow_golem_spawn_egg":170,"minecraft:gilded_blackstone":4,"minecraft:waxed_exposed_copper":1,"minecraft:pink_concrete":11,"minecraft:rail":3,"minecraft:mossy_cobblestone":1,"minecraft:diamond_block":2,"minecraft:orange_carpet":2,"minecraft:lime_terracotta":6,"minecraft:comparator":19,"minecraft:vine":1,"minecraft:oak_slab":11,"minecraft:tnt":7,"minecraft:crafting_table":5,"minecraft:red_bed":1,"minecraft:birch_sign":1,"minecraft:mangrove_sign":1,"minecraft:cake":23,"minecraft:spruce_log":34,"minecraft:bat_spawn_egg":178,"minecraft:oak_log":12,"minecraft:ender_eye":86,"minecraft:yellow_dye":2,"minecraft:light":23,"minecraft:diamond_pickaxe":1029,"minecraft:acacia_sign":3,"minecraft:oak_button":121,"minecraft:pig_spawn_egg":186,"minecraft:suspicious_stew":2,"minecraft:cyan_concrete":92,"minecraft:purpur_slab":12,"minecraft:spruce_trapdoor":9,"minecraft:music_disc_blocks":1,"minecraft:pink_bed":1,"minecraft:cobblestone":42,"minecraft:potion":7,"minecraft:crimson_stairs":120,"minecraft:repeating_command_block":101,"minecraft:brush":10,"minecraft:stripped_oak_log":3,"minecraft:jukebox":29,"minecraft:melon":49,"minecraft:carrot_on_a_stick":70,"minecraft:bone_block":5,"minecraft:oak_sign":74,"minecraft:mangrove_button":1,"minecraft:axolotl_spawn_egg":1,"minecraft:decorated_pot":5,"minecraft:white_terracotta":85,"minecraft:zombie_spawn_egg":17,"minecraft:creeper_head":3,"minecraft:bell":70,"minecraft:player_head":166,"minecraft:debug_stick":227,"minecraft:oxidized_cut_copper":1,"minecraft:jungle_planks":151,"minecraft:deepslate_tile_slab":17,"minecraft:pink_terracotta":3,"minecraft:music_disc_13":13,"minecraft:tuff":8,"minecraft:music_disc_11":16,"minecraft:beehive":3,"minecraft:cyan_wool":10,"minecraft:milk_bucket":21,"minecraft:glass":74,"minecraft:waxed_oxidized_copper":1,"minecraft:crimson_button":6,"minecraft:cyan_terracotta":67,"minecraft:bricks":1,"minecraft:spruce_wood":47,"minecraft:lantern":12,"minecraft:packed_mud":18,"minecraft:green_wool":1,"minecraft:hopper_minecart":2,"minecraft:item_frame":12,"minecraft:bedrock":9,"minecraft:deepslate_diamond_ore":2,"minecraft:birch_trapdoor":4,"minecraft:repeater":56,"minecraft:redstone_lamp":1,"minecraft:brown_carpet":6,"minecraft:written_book":3,"minecraft:scaffolding":52,"minecraft:mangrove_roots":7,"minecraft:gold_block":157,"minecraft:dark_oak_stairs":74,"minecraft:end_rod":1,"minecraft:dropper":56,"minecraft:dark_oak_sign":32,"minecraft:jungle_fence":1,"minecraft:oak_planks":2,"minecraft:birch_wood":3,"minecraft:ender_pearl":29,"minecraft:sandstone":12,"minecraft:chainmail_helmet":3,"minecraft:redstone_block":96,"minecraft:structure_void":1,"minecraft:white_wool":27,"minecraft:yellow_terracotta":1,"minecraft:light_blue_wool":51,"minecraft:deepslate_redstone_ore":23,"minecraft:yellow_concrete":1,"minecraft:crossbow":61,"minecraft:mule_spawn_egg":1,"minecraft:ochre_froglight":1,"minecraft:note_block":28,"minecraft:shulker_spawn_egg":1,"minecraft:black_bed":1,"minecraft:deepslate_lapis_ore":3,"minecraft:end_stone":1,"minecraft:creeper_spawn_egg":1,"minecraft:redstone_torch":9,"minecraft:sticky_piston":62,"minecraft:lever":26,"minecraft:black_concrete":63,"minecraft:firework_rocket":23,"minecraft:daylight_detector":3,"minecraft:heavy_weighted_pressure_plate":1,"minecraft:light_gray_concrete":24,"minecraft:music_disc_mall":1,"minecraft:string":9,"minecraft:brown_wool":1,"minecraft:barrier":279,"minecraft:iron_door":14,"minecraft:prismarine_wall":5,"minecraft:deepslate":34,"minecraft:golden_helmet":3,"minecraft:grindstone":6,"minecraft:chain":1,"minecraft:deepslate_coal_ore":2,"minecraft:warped_button":1,"minecraft:white_concrete":11,"minecraft:tropical_fish_bucket":6,"minecraft:coarse_dirt":4,"minecraft:bone_meal":86,"minecraft:cobweb":66,"minecraft:purpur_block":5,"minecraft:trident":30,"minecraft:netherite_sword":116,"minecraft:music_disc_otherside":2,"minecraft:flint_and_steel":26,"minecraft:tropical_fish":1,"minecraft:redstone":143,"minecraft:spruce_planks":12,"minecraft:sculk":19,"minecraft:deepslate_gold_ore":2,"minecraft:dirt":80,"minecraft:spyglass":193,"minecraft:hopper":51,"minecraft:prismarine_bricks":15,"minecraft:spruce_stairs":29,"minecraft:cobblestone_wall":23,"minecraft:oak_wood":5,"minecraft:bee_nest":7,"minecraft:pink_carpet":4,"minecraft:granite":21,"minecraft:spruce_fence":1,"minecraft:andesite_wall":19,"minecraft:dark_oak_planks":170,"minecraft:stone_brick_slab":12,"minecraft:ravager_spawn_egg":2,"minecraft:brown_terracotta":105,"minecraft:red_tulip":8,"minecraft:bookshelf":4,"minecraft:light_gray_stained_glass":5,"minecraft:yellow_stained_glass":21,"minecraft:oak_stairs":3,"minecraft:acacia_slab":79,"minecraft:magma_cube_spawn_egg":1,"minecraft:light_gray_wool":1,"minecraft:black_stained_glass":5,"minecraft:emerald_block":4,"minecraft:lime_stained_glass":15,"minecraft:deepslate_tile_stairs":16,"minecraft:white_stained_glass_pane":9,"minecraft:minecart":9,"minecraft:granite_wall":3,"minecraft:red_dye":4,"minecraft:zombified_piglin_spawn_egg":2,"minecraft:turtle_egg":13,"minecraft:pumpkin":1,"minecraft:quartz_bricks":15,"minecraft:jigsaw":2,"minecraft:cobblestone_stairs":8,"minecraft:lodestone":1,"minecraft:polished_andesite":5,"minecraft:blue_wool":82,"minecraft:spruce_sign":1,"minecraft:white_dye":15,"minecraft:cobblestone_slab":3,"minecraft:mangrove_trapdoor":2,"minecraft:terracotta":2,"minecraft:music_disc_cat":17,"minecraft:brown_banner":3,"minecraft:yellow_stained_glass_pane":11,"minecraft:painting":34,"minecraft:piglin_head":10,"minecraft:dark_oak_door":10,"minecraft:book":9,"minecraft:purple_stained_glass":4,"minecraft:gray_terracotta":79,"minecraft:piston":69,"minecraft:flower_pot":3,"minecraft:activator_rail":6,"minecraft:acacia_stairs":54,"minecraft:black_wool":10,"minecraft:command_block":237,"minecraft:detector_rail":8,"minecraft:jungle_stairs":11,"minecraft:purple_dye":1,"minecraft:yellow_wool":2,"minecraft:stone_axe":101,"minecraft:fishing_rod":198,"minecraft:stripped_crimson_hyphae":1,"minecraft:chain_command_block":260,"minecraft:magenta_glazed_terracotta":4,"minecraft:polished_blackstone_button":12,"minecraft:smooth_stone":17,"minecraft:splash_potion":1035,"minecraft:pillager_spawn_egg":1},"minecraft:custom":{"minecraft:interact_with_crafting_table":37,"minecraft:open_barrel":114,"minecraft:bell_ring":184,"minecraft:eat_cake_slice":136,"minecraft:leave_game":153,"minecraft:time_since_death":52027,"minecraft:play_time":6749377,"minecraft:deaths":77,"minecraft:jump":65176,"minecraft:play_record":60,"minecraft:sleep_in_bed":5,"minecraft:damage_dealt":35778,"minecraft:interact_with_smoker":2,"minecraft:horse_one_cm":14780,"minecraft:inspect_dispenser":9,"minecraft:inspect_dropper":143,"minecraft:interact_with_anvil":10,"minecraft:inspect_hopper":250,"minecraft:sneak_time":95941,"minecraft:interact_with_lectern":2,"minecraft:total_world_time":6749377,"minecraft:tune_noteblock":613,"minecraft:time_since_rest":52057,"minecraft:swim_one_cm":49304,"minecraft:fly_one_cm":84130702,"minecraft:open_chest":231,"minecraft:fall_one_cm":243779,"minecraft:open_shulker_box":9,"minecraft:damage_resisted":100,"minecraft:sprint_one_cm":6554102,"minecraft:drop":2489,"minecraft:play_noteblock":244,"minecraft:interact_with_brewingstand":42,"minecraft:walk_on_water_one_cm":207415,"minecraft:interact_with_loom":1,"minecraft:open_enderchest":3,"minecraft:player_kills":7,"minecraft:crouch_one_cm":142417,"minecraft:mob_kills":119,"minecraft:climb_one_cm":34865,"minecraft:walk_one_cm":4581272,"minecraft:walk_under_water_one_cm":71199,"minecraft:boat_one_cm":133365,"minecraft:pot_flower":5,"minecraft:interact_with_grindstone":1,"minecraft:damage_taken":2147483647,"minecraft:minecart_one_cm":101,"minecraft:aviate_one_cm":2379206},"minecraft:mined":{"minecraft:pink_stained_glass":3,"minecraft:lime_stained_glass":37,"minecraft:light_blue_stained_glass":43,"minecraft:brown_stained_glass":33,"minecraft:oak_sign":1,"minecraft:blue_stained_glass":80,"minecraft:note_block":3,"minecraft:glass":81,"minecraft:tinted_glass":17,"minecraft:light_gray_stained_glass":5,"minecraft:yellow_stained_glass":17,"minecraft:cyan_stained_glass":71,"minecraft:redstone_block":1,"minecraft:black_stained_glass":98,"minecraft:purple_stained_glass":8,"minecraft:orange_stained_glass":139,"minecraft:green_stained_glass":2,"minecraft:red_stained_glass":36,"minecraft:decorated_pot":2,"minecraft:white_stained_glass":19,"minecraft:stone":292,"minecraft:scaffolding":1,"minecraft:magenta_stained_glass":37,"minecraft:honey_block":120,"minecraft:gray_stained_glass":4,"minecraft:black_wool":4},"minecraft:crafted":{"minecraft:firework_rocket":3},"minecraft:killed_by":{"minecraft:zombie":3,"minecraft:armor_stand":2,"minecraft:warden":3,"minecraft:zombified_piglin":1,"minecraft:piglin":5,"minecraft:illusioner":1,"minecraft:player":2}},"DataVersion":3465}