{"stats":{"minecraft:custom":{"minecraft:jump":2031,"minecraft:time_since_rest":501,"minecraft:damage_dealt":146,"minecraft:damage_taken":2351,"minecraft:leave_game":1,"minecraft:crouch_one_cm":196,"minecraft:time_since_death":499,"minecraft:play_time":63858,"minecraft:sprint_one_cm":463402,"minecraft:walk_one_cm":175125,"minecraft:walk_on_water_one_cm":1961,"minecraft:deaths":93,"minecraft:sneak_time":44,"minecraft:total_world_time":63858,"minecraft:climb_one_cm":7145,"minecraft:walk_under_water_one_cm":223,"minecraft:interact_with_lectern":2,"minecraft:fall_one_cm":62719,"minecraft:fly_one_cm":351002}},"DataVersion":3700}