{"stats":{"minecraft:picked_up":{"minecraft:warped_fungus_on_a_stick":1},"minecraft:used":{"minecraft:carrot_on_a_stick":5,"minecraft:warped_fungus_on_a_stick":4},"minecraft:custom":{"minecraft:jump":516,"minecraft:open_chest":3,"minecraft:time_since_rest":21369,"minecraft:crouch_one_cm":13193,"minecraft:leave_game":2,"minecraft:play_time":21369,"minecraft:sprint_one_cm":68566,"minecraft:time_since_death":21369,"minecraft:walk_on_water_one_cm":262,"minecraft:walk_one_cm":81746,"minecraft:sneak_time":1709,"minecraft:total_world_time":21369,"minecraft:interact_with_anvil":1,"minecraft:fall_one_cm":3504,"minecraft:drop":1,"minecraft:fly_one_cm":108019},"minecraft:dropped":{"minecraft:warped_fungus_on_a_stick":1}},"DataVersion":3465}