{"stats":{"minecraft:custom":{"minecraft:jump":5529,"minecraft:time_since_rest":47195,"minecraft:damage_dealt":184,"minecraft:damage_taken":7584,"minecraft:leave_game":3,"minecraft:crouch_one_cm":466,"minecraft:time_since_death":47190,"minecraft:play_time":155862,"minecraft:sprint_one_cm":986278,"minecraft:walk_one_cm":349227,"minecraft:walk_on_water_one_cm":4303,"minecraft:deaths":104,"minecraft:sneak_time":201,"minecraft:total_world_time":155862,"minecraft:climb_one_cm":13950,"minecraft:walk_under_water_one_cm":223,"minecraft:pot_flower":1,"minecraft:interact_with_lectern":2,"minecraft:fall_one_cm":234329,"minecraft:fly_one_cm":1027256},"minecraft:picked_up":{"minecraft:painting":1}},"DataVersion":3700}