{"stats":{"minecraft:custom":{"minecraft:jump":1081,"minecraft:time_since_rest":3044,"minecraft:deaths":3,"minecraft:damage_taken":3940,"minecraft:strider_one_cm":2746,"minecraft:crouch_one_cm":506,"minecraft:leave_game":1,"minecraft:play_time":40903,"minecraft:sprint_one_cm":138917,"minecraft:time_since_death":3040,"minecraft:walk_on_water_one_cm":20314,"minecraft:walk_one_cm":146333,"minecraft:sneak_time":199,"minecraft:climb_one_cm":5653,"minecraft:total_world_time":40903,"minecraft:walk_under_water_one_cm":905,"minecraft:swim_one_cm":880,"minecraft:fall_one_cm":27747,"minecraft:fly_one_cm":162413}},"DataVersion":3465}