{"stats":{"minecraft:custom":{"minecraft:jump":2885,"minecraft:time_since_rest":27865,"minecraft:deaths":40,"minecraft:damage_taken":21370,"minecraft:strider_one_cm":2746,"minecraft:crouch_one_cm":1187,"minecraft:leave_game":1,"minecraft:play_time":106903,"minecraft:sprint_one_cm":586668,"minecraft:time_since_death":27862,"minecraft:walk_on_water_one_cm":27551,"minecraft:walk_one_cm":333923,"minecraft:sneak_time":527,"minecraft:climb_one_cm":36004,"minecraft:total_world_time":106903,"minecraft:walk_under_water_one_cm":3508,"minecraft:swim_one_cm":5983,"minecraft:fall_one_cm":261476,"minecraft:fly_one_cm":525689}},"DataVersion":3465}