{"stats":{"minecraft:custom":{"minecraft:jump":3584,"minecraft:time_since_rest":2576,"minecraft:deaths":52,"minecraft:damage_taken":28440,"minecraft:strider_one_cm":2746,"minecraft:crouch_one_cm":1187,"minecraft:leave_game":1,"minecraft:play_time":130903,"minecraft:sprint_one_cm":729798,"minecraft:time_since_death":2572,"minecraft:walk_on_water_one_cm":38368,"minecraft:walk_one_cm":401835,"minecraft:sneak_time":527,"minecraft:climb_one_cm":36508,"minecraft:total_world_time":130903,"minecraft:walk_under_water_one_cm":3508,"minecraft:swim_one_cm":5983,"minecraft:fall_one_cm":319423,"minecraft:fly_one_cm":634914}},"DataVersion":3465}