{"stats":{"minecraft:custom":{"minecraft:jump":2197,"minecraft:time_since_rest":3865,"minecraft:deaths":40,"minecraft:damage_taken":19200,"minecraft:strider_one_cm":2746,"minecraft:crouch_one_cm":790,"minecraft:leave_game":1,"minecraft:play_time":82903,"minecraft:sprint_one_cm":412307,"minecraft:time_since_death":3862,"minecraft:walk_on_water_one_cm":22139,"minecraft:walk_one_cm":261975,"minecraft:sneak_time":338,"minecraft:climb_one_cm":13081,"minecraft:total_world_time":82903,"minecraft:walk_under_water_one_cm":1594,"minecraft:swim_one_cm":5983,"minecraft:fall_one_cm":201682,"minecraft:fly_one_cm":407523}},"DataVersion":3465}