{"stats":{"minecraft:custom":{"minecraft:jump":1435,"minecraft:time_since_rest":202,"minecraft:deaths":15,"minecraft:damage_taken":7920,"minecraft:strider_one_cm":2746,"minecraft:crouch_one_cm":506,"minecraft:leave_game":1,"minecraft:play_time":52903,"minecraft:sprint_one_cm":207865,"minecraft:time_since_death":199,"minecraft:walk_on_water_one_cm":21689,"minecraft:walk_one_cm":175649,"minecraft:sneak_time":199,"minecraft:climb_one_cm":9612,"minecraft:total_world_time":52903,"minecraft:walk_under_water_one_cm":1190,"minecraft:swim_one_cm":5983,"minecraft:fall_one_cm":82199,"minecraft:fly_one_cm":229726}},"DataVersion":3465}