{"stats":{"minecraft:custom":{"minecraft:jump":3786,"minecraft:time_since_rest":408,"minecraft:minecart_one_cm":20320,"minecraft:deaths":62,"minecraft:damage_taken":42786,"minecraft:strider_one_cm":2746,"minecraft:crouch_one_cm":1252,"minecraft:leave_game":2,"minecraft:play_time":141534,"minecraft:sprint_one_cm":801039,"minecraft:time_since_death":405,"minecraft:walk_on_water_one_cm":38900,"minecraft:walk_one_cm":426563,"minecraft:sneak_time":544,"minecraft:climb_one_cm":36508,"minecraft:total_world_time":141534,"minecraft:walk_under_water_one_cm":5888,"minecraft:swim_one_cm":5983,"minecraft:fall_one_cm":463865,"minecraft:fly_one_cm":690304,"minecraft:aviate_one_cm":298370},"minecraft:used":{"minecraft:firework_rocket":44}},"DataVersion":3465}