{"stats":{"minecraft:custom":{"minecraft:jump":1841,"minecraft:time_since_rest":99,"minecraft:deaths":30,"minecraft:damage_taken":15230,"minecraft:strider_one_cm":2746,"minecraft:crouch_one_cm":790,"minecraft:leave_game":1,"minecraft:play_time":70903,"minecraft:sprint_one_cm":331128,"minecraft:time_since_death":95,"minecraft:walk_on_water_one_cm":21689,"minecraft:walk_one_cm":226848,"minecraft:sneak_time":338,"minecraft:climb_one_cm":13081,"minecraft:total_world_time":70903,"minecraft:walk_under_water_one_cm":1190,"minecraft:swim_one_cm":5983,"minecraft:fall_one_cm":163290,"minecraft:fly_one_cm":331547}},"DataVersion":3465}