{"stats":{"minecraft:custom":{"minecraft:jump":3263,"minecraft:time_since_rest":11560,"minecraft:deaths":41,"minecraft:damage_taken":22000,"minecraft:strider_one_cm":2746,"minecraft:crouch_one_cm":1187,"minecraft:leave_game":1,"minecraft:play_time":118903,"minecraft:sprint_one_cm":651857,"minecraft:time_since_death":11556,"minecraft:walk_on_water_one_cm":32761,"minecraft:walk_one_cm":372476,"minecraft:sneak_time":527,"minecraft:climb_one_cm":36212,"minecraft:total_world_time":118903,"minecraft:walk_under_water_one_cm":3508,"minecraft:swim_one_cm":5983,"minecraft:fall_one_cm":271003,"minecraft:fly_one_cm":579675}},"DataVersion":3465}