{"stats":{"minecraft:custom":{"minecraft:jump":2035,"minecraft:time_since_rest":868,"minecraft:damage_dealt":146,"minecraft:damage_taken":2351,"minecraft:leave_game":2,"minecraft:crouch_one_cm":196,"minecraft:play_time":64225,"minecraft:time_since_death":866,"minecraft:sprint_one_cm":465990,"minecraft:walk_one_cm":177292,"minecraft:walk_on_water_one_cm":1961,"minecraft:deaths":93,"minecraft:sneak_time":44,"minecraft:total_world_time":64225,"minecraft:climb_one_cm":7145,"minecraft:walk_under_water_one_cm":223,"minecraft:interact_with_lectern":2,"minecraft:fall_one_cm":62719,"minecraft:fly_one_cm":351581}},"DataVersion":3700}