{"stats":{"minecraft:custom":{"minecraft:jump":833,"minecraft:time_since_rest":1604,"minecraft:deaths":1,"minecraft:damage_taken":2500,"minecraft:strider_one_cm":2746,"minecraft:crouch_one_cm":210,"minecraft:leave_game":1,"minecraft:play_time":28903,"minecraft:sprint_one_cm":86526,"minecraft:time_since_death":1600,"minecraft:walk_on_water_one_cm":19788,"minecraft:walk_one_cm":93544,"minecraft:sneak_time":62,"minecraft:climb_one_cm":3760,"minecraft:total_world_time":28903,"minecraft:walk_under_water_one_cm":123,"minecraft:fall_one_cm":13106,"minecraft:fly_one_cm":120255}},"DataVersion":3465}