{"stats":{"minecraft:custom":{"minecraft:jump":2495,"minecraft:time_since_rest":15865,"minecraft:deaths":40,"minecraft:damage_taken":20190,"minecraft:strider_one_cm":2746,"minecraft:crouch_one_cm":833,"minecraft:leave_game":1,"minecraft:play_time":94903,"minecraft:sprint_one_cm":508448,"minecraft:time_since_death":15862,"minecraft:walk_on_water_one_cm":27343,"minecraft:walk_one_cm":298197,"minecraft:sneak_time":364,"minecraft:climb_one_cm":22316,"minecraft:total_world_time":94903,"minecraft:walk_under_water_one_cm":3508,"minecraft:swim_one_cm":5983,"minecraft:fall_one_cm":228764,"minecraft:fly_one_cm":469536}},"DataVersion":3465}