{"stats":{"minecraft:picked_up":{"minecraft:wooden_axe":3,"minecraft:chainmail_boots":2,"minecraft:suspicious_stew":1,"minecraft:lead":15,"minecraft:diamond_sword":338,"minecraft:light":1,"minecraft:golden_sword":1,"minecraft:string":9,"minecraft:spruce_planks":4,"minecraft:acacia_fence_gate":5,"minecraft:written_book":81,"minecraft:coal_block":1,"minecraft:dark_oak_door":1,"minecraft:diamond_ore":1,"minecraft:golden_helmet":7,"minecraft:mojang_banner_pattern":6,"minecraft:beehive":193,"minecraft:pink_carpet":2,"minecraft:honeycomb_block":1,"minecraft:end_crystal":1,"minecraft:brown_carpet":1,"minecraft:command_block":1,"minecraft:cyan_terracotta":7,"minecraft:glowstone":1,"minecraft:barrier":2,"minecraft:feather":5,"minecraft:green_concrete_powder":1,"minecraft:stripped_spruce_wood":1,"minecraft:gray_concrete":1,"minecraft:lantern":2,"minecraft:light_gray_concrete_powder":3,"minecraft:gray_terracotta":4,"minecraft:chorus_plant":1,"minecraft:diamond_helmet":1,"minecraft:honeycomb":88,"minecraft:dropper":3,"minecraft:structure_void":1,"minecraft:stripped_spruce_log":226,"minecraft:deepslate":1,"minecraft:writable_book":10,"minecraft:granite":2,"minecraft:chainmail_helmet":8,"minecraft:dark_oak_fence":1,"minecraft:coarse_dirt":1,"minecraft:bee_nest":2,"minecraft:purple_wool":3,"minecraft:elytra":1,"minecraft:red_bed":2,"minecraft:white_stained_glass":56,"minecraft:stripped_warped_stem":20,"minecraft:music_disc_otherside":2,"minecraft:beef":1,"minecraft:cyan_wool":1,"minecraft:poppy":19,"minecraft:spruce_slab":8,"minecraft:minecart":2,"minecraft:egg":7,"minecraft:black_stained_glass":1,"minecraft:stone":4,"minecraft:cake":14,"minecraft:carrot":1408,"minecraft:redstone":181,"minecraft:polished_granite_stairs":1,"minecraft:repeating_command_block":69,"minecraft:diamond_chestplate":1,"minecraft:gold_ingot":3,"minecraft:mutton":4,"minecraft:rail":1,"minecraft:white_wool":1,"minecraft:bone_block":64,"minecraft:birch_leaves":1,"minecraft:clock":7,"minecraft:mud_bricks":1,"minecraft:tripwire_hook":1,"minecraft:chiseled_bookshelf":1,"minecraft:yellow_dye":1,"minecraft:fern":1,"minecraft:red_glazed_terracotta":1,"minecraft:jungle_fence":1,"minecraft:filled_map":17,"minecraft:golden_boots":1,"minecraft:paper":1,"minecraft:cobweb":1,"minecraft:iron_sword":24,"minecraft:dark_oak_stairs":1,"minecraft:dark_oak_slab":1,"minecraft:white_stained_glass_pane":22,"minecraft:chain_command_block":8,"minecraft:milk_bucket":565,"minecraft:sweet_berries":2,"minecraft:red_wool":1,"minecraft:lime_concrete":1,"minecraft:spyglass":8,"minecraft:crimson_stairs":2,"minecraft:leather_helmet":1,"minecraft:slime_ball":2,"minecraft:stone_axe":68,"minecraft:polished_diorite":1,"minecraft:diamond_axe":1,"minecraft:painting":468,"minecraft:gray_wool":1,"minecraft:oak_button":69,"minecraft:pink_dye":2,"minecraft:ender_pearl":14,"minecraft:shulker_shell":3,"minecraft:black_carpet":14,"minecraft:redstone_block":69,"minecraft:green_stained_glass_pane":1,"minecraft:netherite_ingot":912,"minecraft:oak_sign":4,"minecraft:comparator":1,"minecraft:redstone_torch":2,"minecraft:calcite":1,"minecraft:blue_wool":4,"minecraft:stick":3,"minecraft:brown_terracotta":4,"minecraft:polished_deepslate_stairs":20,"minecraft:snow_block":213,"minecraft:diorite":2,"minecraft:rotten_flesh":5,"minecraft:green_wool":1,"minecraft:deepslate_copper_ore":117,"minecraft:leather_horse_armor":1,"minecraft:cobblestone":1,"minecraft:repeater":61,"minecraft:warped_fungus_on_a_stick":3,"minecraft:andesite":2,"minecraft:orange_carpet":1,"minecraft:tuff":6,"minecraft:warped_trapdoor":1,"minecraft:lapis_lazuli":1,"minecraft:dirt":2,"minecraft:polished_granite":4,"minecraft:name_tag":2,"minecraft:glass":64,"minecraft:bone":2,"minecraft:acacia_planks":320,"minecraft:wheat_seeds":2,"minecraft:bell":13,"minecraft:popped_chorus_fruit":2,"minecraft:netherite_axe":1,"minecraft:oak_planks":2,"minecraft:lime_glazed_terracotta":1,"minecraft:jungle_planks":3,"minecraft:sand":651,"minecraft:grass_block":273,"minecraft:shulker_box":5,"minecraft:light_gray_concrete":1,"minecraft:diamond":3,"minecraft:soul_lantern":1,"minecraft:white_concrete":2,"minecraft:spruce_sign":1,"minecraft:emerald":1,"minecraft:chorus_fruit":3,"minecraft:cocoa_beans":21,"minecraft:end_stone_brick_stairs":894,"minecraft:splash_potion":1,"minecraft:chicken":3,"minecraft:ladder":6,"minecraft:wooden_pickaxe":1,"minecraft:gold_block":42,"minecraft:iron_axe":9,"minecraft:wooden_sword":6,"minecraft:item_frame":21,"minecraft:cyan_carpet":1,"minecraft:candle":2,"minecraft:player_head":36,"minecraft:light_gray_wool":1,"minecraft:lectern":1,"minecraft:spruce_trapdoor":4,"minecraft:music_disc_relic":3,"minecraft:recovery_compass":1,"minecraft:stone_button":3,"minecraft:cookie":64,"minecraft:music_disc_11":1,"minecraft:trident":8,"minecraft:lime_candle":5,"minecraft:arrow":5,"minecraft:red_shulker_box":2,"minecraft:saddle":1,"minecraft:crimson_stem":1,"minecraft:leather":2,"minecraft:carrot_on_a_stick":1,"minecraft:ice":2,"minecraft:bedrock":3,"minecraft:gunpowder":3,"minecraft:red_carpet":1,"minecraft:acacia_trapdoor":2,"minecraft:spruce_wood":3,"minecraft:music_disc_chirp":4,"minecraft:book":31,"minecraft:scaffolding":33,"minecraft:bamboo_fence":1,"minecraft:brush":7,"minecraft:mud_brick_wall":1,"minecraft:spider_eye":1,"minecraft:damaged_anvil":14,"minecraft:black_wool":2,"minecraft:dark_oak_wood":1,"minecraft:sunflower":3},"minecraft:crafted":{"minecraft:iron_ingot":1,"minecraft:air":0},"minecraft:dropped":{"minecraft:crimson_stem":1,"minecraft:iron_sword":13,"minecraft:acacia_wood":1,"minecraft:repeating_command_block":6,"minecraft:chorus_fruit":67,"minecraft:dark_oak_slab":1,"minecraft:warped_fungus_on_a_stick":4,"minecraft:weeping_vines":1,"minecraft:rooted_dirt":1,"minecraft:quartz_pillar":1,"minecraft:rail":1,"minecraft:item_frame":10,"minecraft:gold_block":8,"minecraft:dirt":10,"minecraft:packed_mud":6,"minecraft:gray_concrete":2,"minecraft:grass":3,"minecraft:stone_button":2,"minecraft:dark_oak_fence":1,"minecraft:large_fern":3,"minecraft:yellow_dye":1,"minecraft:dark_oak_trapdoor":1,"minecraft:stripped_dark_oak_wood":2,"minecraft:cherry_button":1,"minecraft:chain":1,"minecraft:wooden_sword":38,"minecraft:acacia_fence_gate":1,"minecraft:sand":189,"minecraft:purple_wool":10,"minecraft:dark_oak_planks":15,"minecraft:green_stained_glass_pane":1,"minecraft:green_wool":3,"minecraft:note_block":1,"minecraft:stone_axe":26,"minecraft:music_disc_chirp":1,"minecraft:tinted_glass":2,"minecraft:black_carpet":3,"minecraft:pink_dye":2,"minecraft:blue_wool":1,"minecraft:grindstone":2,"minecraft:oak_planks":2,"minecraft:birch_wood":1,"minecraft:warped_sign":3,"minecraft:quartz_bricks":2,"minecraft:nether_brick_fence":1,"minecraft:black_glazed_terracotta":1,"minecraft:chiseled_deepslate":1,"minecraft:brick_stairs":1,"minecraft:hopper":1,"minecraft:ladder":2,"minecraft:spruce_slab":1,"minecraft:painting":3,"minecraft:red_nether_bricks":1,"minecraft:glass":2,"minecraft:podzol":4,"minecraft:granite_wall":2,"minecraft:stone_brick_stairs":2,"minecraft:acacia_fence":1,"minecraft:white_glazed_terracotta":2,"minecraft:wheat_seeds":2,"minecraft:birch_leaves":3,"minecraft:clock":2,"minecraft:cobbled_deepslate_stairs":2,"minecraft:smooth_quartz_stairs":1,"minecraft:barrier":16,"minecraft:cobblestone":2,"minecraft:granite":14,"minecraft:crimson_fence_gate":1,"minecraft:command_block":4,"minecraft:chainmail_helmet":3,"minecraft:bamboo_block":1,"minecraft:lava_bucket":1,"minecraft:coal_block":1,"minecraft:warped_trapdoor":1,"minecraft:polished_andesite":2,"minecraft:turtle_egg":1,"minecraft:cobweb":6,"minecraft:dried_kelp_block":1,"minecraft:jungle_slab":1,"minecraft:gray_wool":4,"minecraft:sponge":1,"minecraft:wooden_axe":27,"minecraft:yellow_glazed_terracotta":1,"minecraft:lapis_ore":1,"minecraft:brown_terracotta":8,"minecraft:oak_stairs":1,"minecraft:green_glazed_terracotta":2,"minecraft:magenta_glazed_terracotta":1,"minecraft:mud":1,"minecraft:chipped_anvil":1,"minecraft:smooth_stone":2,"minecraft:smooth_sandstone":2,"minecraft:polished_deepslate_wall":1,"minecraft:acacia_planks":4,"minecraft:red_nether_brick_wall":1,"minecraft:purpur_pillar":1,"minecraft:bricks":4,"minecraft:moss_carpet":1,"minecraft:soul_soil":1,"minecraft:light_blue_glazed_terracotta":2,"minecraft:player_head":1,"minecraft:stone_sword":4,"minecraft:cocoa_beans":2,"minecraft:deepslate":5,"minecraft:bamboo_button":1,"minecraft:damaged_anvil":2,"minecraft:light_gray_concrete":1,"minecraft:glow_lichen":2,"minecraft:diamond_ore":1,"minecraft:oak_sign":7,"minecraft:deepslate_lapis_ore":7,"minecraft:cyan_wool":6,"minecraft:stone":11,"minecraft:cobblestone_slab":1,"minecraft:polished_granite_stairs":5,"minecraft:shroomlight":1,"minecraft:lime_glazed_terracotta":2,"minecraft:powder_snow_bucket":1,"minecraft:spruce_trapdoor":3,"minecraft:spruce_planks":1,"minecraft:diamond_pickaxe":1,"minecraft:popped_chorus_fruit":66,"minecraft:redstone_torch":4,"minecraft:stone_bricks":3,"minecraft:sandstone":1,"minecraft:bell":19,"minecraft:brick_slab":1,"minecraft:dark_prismarine":1,"minecraft:black_wool":6,"minecraft:daylight_detector":1,"minecraft:moss_block":20,"minecraft:birch_planks":1,"minecraft:dark_oak_stairs":2,"minecraft:warped_fungus":1,"minecraft:polished_granite_slab":2,"minecraft:purple_glazed_terracotta":2,"minecraft:jungle_fence":1,"minecraft:lantern":1,"minecraft:honeycomb":3,"minecraft:jungle_planks":8,"minecraft:red_wool":3,"minecraft:bedrock":5,"minecraft:carrot_on_a_stick":2,"minecraft:music_disc_11":1,"minecraft:orange_glazed_terracotta":1,"minecraft:deepslate_tile_stairs":1,"minecraft:spruce_leaves":1,"minecraft:cyan_terracotta":37,"minecraft:crimson_trapdoor":3,"minecraft:ice":3,"minecraft:dark_oak_wood":4,"minecraft:snowball":1,"minecraft:gilded_blackstone":1,"minecraft:white_stained_glass_pane":18,"minecraft:black_concrete":7,"minecraft:black_stained_glass":5,"minecraft:brown_mushroom_block":1,"minecraft:chorus_plant":1,"minecraft:red_glazed_terracotta":2,"minecraft:spyglass":1,"minecraft:mangrove_roots":3,"minecraft:music_disc_otherside":1,"minecraft:yellow_wool":65,"minecraft:lime_wool":1,"minecraft:pointed_dripstone":3,"minecraft:black_terracotta":2,"minecraft:fern":4,"minecraft:prismarine":2,"minecraft:acacia_stairs":1,"minecraft:carrot":64,"minecraft:bat_spawn_egg":1,"minecraft:chiseled_stone_bricks":1,"minecraft:shulker_shell":67,"minecraft:birch_trapdoor":2,"minecraft:reinforced_deepslate":1,"minecraft:oak_wood":1,"minecraft:dropper":12,"minecraft:glowstone":1,"minecraft:acacia_slab":1,"minecraft:spruce_wood":6,"minecraft:iron_ore":1,"minecraft:iron_bars":1,"minecraft:powered_rail":1,"minecraft:chain_command_block":21,"minecraft:scaffolding":1,"minecraft:written_book":21,"minecraft:oak_leaves":13,"minecraft:light_gray_concrete_powder":14,"minecraft:polished_granite":11,"minecraft:netherrack":2,"minecraft:spawner":1,"minecraft:water_bucket":1,"minecraft:stripped_spruce_log":4,"minecraft:golden_helmet":1,"minecraft:sniffer_egg":1,"minecraft:mossy_cobblestone":2,"minecraft:yellow_concrete":1,"minecraft:lead":9,"minecraft:andesite_wall":1,"minecraft:observer":1,"minecraft:chiseled_bookshelf":1,"minecraft:spruce_stairs":1,"minecraft:grass_block":55,"minecraft:acacia_trapdoor":2,"minecraft:stick":3,"minecraft:iron_block":1,"minecraft:mud_brick_wall":1,"minecraft:milk_bucket":3,"minecraft:diorite":4,"minecraft:repeater":5,"minecraft:light_blue_wool":2,"minecraft:nether_wart_block":2,"minecraft:white_concrete":5,"minecraft:smooth_quartz":1,"minecraft:iron_door":1,"minecraft:smooth_quartz_slab":1,"minecraft:crimson_fence":1,"minecraft:iron_axe":2,"minecraft:granite_stairs":2,"minecraft:bucket":1,"minecraft:redstone_block":24,"minecraft:smooth_basalt":1,"minecraft:redstone":3,"minecraft:polished_deepslate":5,"minecraft:red_concrete":1,"minecraft:anvil":2,"minecraft:weathered_copper":1,"minecraft:coarse_dirt":3,"minecraft:light_gray_terracotta":1,"minecraft:tuff":25,"minecraft:tall_grass":2,"minecraft:light_gray_wool":1,"minecraft:comparator":2,"minecraft:red_terracotta":2,"minecraft:light":130,"minecraft:crimson_button":1,"minecraft:muddy_mangrove_roots":1,"minecraft:filled_map":7,"minecraft:gray_terracotta":17,"minecraft:mud_bricks":1,"minecraft:end_stone_brick_stairs":5,"minecraft:oak_button":4,"minecraft:andesite":13,"minecraft:cake":4,"minecraft:quartz_stairs":2,"minecraft:mossy_stone_bricks":1,"minecraft:pink_wool":1,"minecraft:golden_sword":7,"minecraft:slime_ball":2,"minecraft:wooden_pickaxe":3,"minecraft:calcite":12,"minecraft:white_stained_glass":27},"minecraft:killed_by":{"minecraft:ravager":1,"minecraft:zombie":2,"minecraft:guardian":1,"minecraft:zombified_piglin":7,"minecraft:piglin":13,"minecraft:endermite":2,"minecraft:player":10},"minecraft:used":{"minecraft:moss_block":6024,"minecraft:nether_brick_fence":373,"minecraft:writable_book":27,"minecraft:polished_granite_stairs":1755,"minecraft:chiseled_deepslate":110,"minecraft:cut_red_sandstone_slab":4,"minecraft:dispenser":38,"minecraft:smooth_quartz_slab":742,"minecraft:spruce_slab":2073,"minecraft:dead_horn_coral_block":1,"minecraft:red_sandstone_slab":6,"minecraft:bamboo_sign":1,"minecraft:ladder":193,"minecraft:suspicious_sand":4,"minecraft:poppy":4,"minecraft:elytra":1,"minecraft:mangrove_fence_gate":6,"minecraft:black_carpet":78,"minecraft:chest":225,"minecraft:stone":2716,"minecraft:brown_concrete":25,"minecraft:red_nether_brick_stairs":671,"minecraft:warped_sign":56,"minecraft:quartz_stairs":416,"minecraft:farmland":27,"minecraft:waxed_weathered_cut_copper_stairs":56,"minecraft:pink_candle":17,"minecraft:soul_sand":5,"minecraft:weathered_copper":221,"minecraft:skeleton_spawn_egg":1,"minecraft:blue_stained_glass":7,"minecraft:brick_slab":9,"minecraft:weathered_cut_copper_stairs":3,"minecraft:jungle_slab":1054,"minecraft:deepslate_brick_slab":12,"minecraft:orange_wool":1046,"minecraft:yellow_candle":3,"minecraft:acacia_button":37,"minecraft:snowball":286,"minecraft:weeping_vines":564,"minecraft:stripped_spruce_log":510,"minecraft:warden_spawn_egg":3,"minecraft:music_disc_relic":1,"minecraft:packed_ice":3,"minecraft:honey_block":336,"minecraft:lava_bucket":95,"minecraft:stripped_dark_oak_wood":341,"minecraft:quartz_pillar":2725,"minecraft:villager_spawn_egg":9,"minecraft:mangrove_stairs":94,"minecraft:jungle_fence_gate":10,"minecraft:red_wool":1919,"minecraft:black_stained_glass_pane":100,"minecraft:grass_block":3742,"minecraft:deepslate_copper_ore":7,"minecraft:polished_andesite_stairs":322,"minecraft:quartz_block":54,"minecraft:music_disc_chirp":2,"minecraft:dark_oak_slab":578,"minecraft:cherry_button":37,"minecraft:waxed_weathered_cut_copper":1,"minecraft:diorite_wall":237,"minecraft:pink_wool":111,"minecraft:stone_brick_stairs":548,"minecraft:stripped_mangrove_log":46,"minecraft:red_stained_glass_pane":3,"minecraft:bow":1,"minecraft:snow":138,"minecraft:yellow_glazed_terracotta":115,"minecraft:furnace":9,"minecraft:mangrove_slab":56,"minecraft:acacia_fence":99,"minecraft:end_stone_brick_stairs":65,"minecraft:potato":6,"minecraft:seagrass":149,"minecraft:lime_glazed_terracotta":124,"minecraft:deepslate_brick_wall":59,"minecraft:mossy_stone_bricks":450,"minecraft:diorite":1339,"minecraft:damaged_anvil":115,"minecraft:cow_spawn_egg":1,"minecraft:brick_wall":13,"minecraft:spruce_door":16,"minecraft:warped_fungus_on_a_stick":7,"minecraft:stripped_birch_log":243,"minecraft:red_stained_glass":35,"minecraft:acacia_trapdoor":95,"minecraft:powered_rail":437,"minecraft:prismarine":380,"minecraft:blackstone":343,"minecraft:mossy_stone_brick_stairs":89,"minecraft:black_glazed_terracotta":132,"minecraft:composter":41,"minecraft:parrot_spawn_egg":1,"minecraft:purpur_pillar":13,"minecraft:smooth_quartz_stairs":513,"minecraft:oak_leaves":7813,"minecraft:stripped_mangrove_wood":8,"minecraft:dark_oak_trapdoor":1016,"minecraft:sand":1217,"minecraft:purpur_stairs":104,"minecraft:pitcher_pod":1,"minecraft:blast_furnace":77,"minecraft:smooth_red_sandstone":1,"minecraft:blue_ice":3,"minecraft:acacia_leaves":56,"minecraft:chiseled_quartz_block":409,"minecraft:gray_concrete":963,"minecraft:bamboo_button":187,"minecraft:red_sandstone_wall":26,"minecraft:pumpkin_seeds":1,"minecraft:deepslate_brick_stairs":20,"minecraft:crimson_fence_gate":140,"minecraft:lightning_rod":15,"minecraft:deepslate_tiles":920,"minecraft:enderman_spawn_egg":1,"minecraft:chiseled_sandstone":30,"minecraft:crying_obsidian":22,"minecraft:birch_slab":2,"minecraft:zombie_head":12,"minecraft:deepslate_iron_ore":6,"minecraft:stone_button":65,"minecraft:cyan_carpet":66,"minecraft:lectern":30,"minecraft:white_glazed_terracotta":239,"minecraft:red_terracotta":692,"minecraft:polished_granite":5147,"minecraft:cherry_sign":1,"minecraft:oak_pressure_plate":3,"minecraft:cut_red_sandstone":15,"minecraft:cat_spawn_egg":57,"minecraft:polished_andesite_slab":232,"minecraft:soul_lantern":4,"minecraft:magenta_stained_glass_pane":8,"minecraft:nether_wart_block":704,"minecraft:coal_block":75,"minecraft:fire_charge":263,"minecraft:suspicious_gravel":3,"minecraft:smithing_table":61,"minecraft:dark_oak_fence":261,"minecraft:white_stained_glass":1170,"minecraft:green_concrete_powder":8,"minecraft:piglin_spawn_egg":32,"minecraft:pink_stained_glass":8,"minecraft:ice":90,"minecraft:waxed_cut_copper_stairs":9,"minecraft:purple_wool":5166,"minecraft:diorite_slab":100,"minecraft:gray_stained_glass":89,"minecraft:diorite_stairs":40,"minecraft:oak_trapdoor":195,"minecraft:enchanting_table":6,"minecraft:iron_bars":659,"minecraft:dead_tube_coral_block":1,"minecraft:dead_bush":79,"minecraft:carved_pumpkin":17,"minecraft:red_concrete":63,"minecraft:armor_stand":264,"minecraft:light_gray_carpet":45,"minecraft:stripped_warped_stem":1,"minecraft:tinted_glass":2403,"minecraft:polished_blackstone_wall":3,"minecraft:sandstone_wall":88,"minecraft:netherrack":776,"minecraft:green_glazed_terracotta":126,"minecraft:light_gray_shulker_box":111,"minecraft:bee_spawn_egg":1,"minecraft:torch":6,"minecraft:exposed_cut_copper_stairs":52,"minecraft:brewing_stand":44,"minecraft:ancient_debris":29,"minecraft:warped_wart_block":1,"minecraft:anvil":410,"minecraft:chorus_flower":8,"minecraft:twisting_vines":2,"minecraft:crimson_hyphae":30,"minecraft:nether_brick_slab":69,"minecraft:stone_stairs":78,"minecraft:dead_tube_coral":4,"minecraft:light_gray_glazed_terracotta":17,"minecraft:jungle_trapdoor":480,"minecraft:polished_granite_slab":1432,"minecraft:glow_lichen":1799,"minecraft:dead_brain_coral_block":1,"minecraft:blue_concrete":39,"minecraft:mud_brick_stairs":532,"minecraft:nether_brick_stairs":198,"minecraft:oak_fence_gate":4,"minecraft:polished_diorite":1807,"minecraft:fern":192,"minecraft:small_dripleaf":61,"minecraft:shroomlight":91,"minecraft:mossy_cobblestone_stairs":5,"minecraft:red_shulker_box":2,"minecraft:sea_lantern":119,"minecraft:chipped_anvil":39,"minecraft:light_weighted_pressure_plate":6,"minecraft:muddy_mangrove_roots":22,"minecraft:iron_block":216,"minecraft:iron_axe":8,"minecraft:rooted_dirt":172,"minecraft:brick_stairs":116,"minecraft:warped_fence":49,"minecraft:spawner":154,"minecraft:polished_deepslate_wall":115,"minecraft:jungle_log":3,"minecraft:chicken_spawn_egg":2,"minecraft:smooth_quartz":141,"minecraft:piglin_brute_spawn_egg":1,"minecraft:pink_stained_glass_pane":2,"minecraft:mud_bricks":675,"minecraft:melon_seeds":1,"minecraft:barrel":168,"minecraft:waxed_exposed_cut_copper_slab":244,"minecraft:smooth_basalt":523,"minecraft:bamboo":9,"minecraft:diamond_chestplate":1,"minecraft:basalt":60,"minecraft:tripwire_hook":8,"minecraft:purple_concrete":3,"minecraft:glowstone":14,"minecraft:lime_concrete":37,"minecraft:magenta_wool":491,"minecraft:tall_grass":466,"minecraft:gray_glazed_terracotta":8,"minecraft:iron_trapdoor":377,"minecraft:oxidized_copper":2,"minecraft:goat_horn":10,"minecraft:podzol":452,"minecraft:acacia_planks":2727,"minecraft:cobbled_deepslate":418,"minecraft:observer":165,"minecraft:orange_terracotta":18,"minecraft:hanging_roots":114,"minecraft:golden_axe":1,"minecraft:pointed_dripstone":630,"minecraft:deepslate_emerald_ore":9,"minecraft:crimson_stem":155,"minecraft:calcite":2797,"minecraft:wheat_seeds":8,"minecraft:water_bucket":1008,"minecraft:chiseled_bookshelf":66,"minecraft:warped_stem":17,"minecraft:nether_brick_wall":1,"minecraft:mangrove_wood":293,"minecraft:light_blue_glazed_terracotta":240,"minecraft:sandstone_stairs":348,"minecraft:prismarine_brick_slab":104,"minecraft:birch_planks":148,"minecraft:yellow_shulker_box":1,"minecraft:lime_wool":192,"minecraft:cartography_table":8,"minecraft:waxed_oxidized_cut_copper":149,"minecraft:cauldron":1616,"minecraft:fletching_table":6,"minecraft:glow_ink_sac":18,"minecraft:spruce_fence_gate":147,"minecraft:gold_ore":3,"minecraft:conduit":5,"minecraft:cracked_stone_bricks":307,"minecraft:gilded_blackstone":742,"minecraft:bamboo_mosaic_stairs":10,"minecraft:pink_concrete":2,"minecraft:waxed_exposed_copper":500,"minecraft:polished_deepslate_slab":98,"minecraft:mossy_cobblestone":187,"minecraft:diamond_block":2,"minecraft:orange_carpet":56,"minecraft:lime_terracotta":5,"minecraft:rail":110,"minecraft:comparator":122,"minecraft:vine":612,"minecraft:oak_slab":249,"minecraft:tnt":15,"minecraft:crafting_table":210,"minecraft:crimson_trapdoor":1080,"minecraft:birch_sign":32,"minecraft:sculk_shrieker":8,"minecraft:campfire":64,"minecraft:dark_oak_fence_gate":173,"minecraft:mangrove_sign":2,"minecraft:cake":52,"minecraft:spruce_log":180,"minecraft:bat_spawn_egg":1,"minecraft:deepslate_tile_wall":243,"minecraft:small_amethyst_bud":84,"minecraft:oak_log":120,"minecraft:dark_prismarine":804,"minecraft:amethyst_cluster":16,"minecraft:blue_stained_glass_pane":39,"minecraft:mud":31,"minecraft:light":1575,"minecraft:diamond_pickaxe":221,"minecraft:warped_trapdoor":573,"minecraft:waxed_exposed_cut_copper_stairs":52,"minecraft:acacia_sign":13,"minecraft:stripped_jungle_log":177,"minecraft:mangrove_propagule":3,"minecraft:suspicious_stew":3,"minecraft:oak_button":116,"minecraft:pig_spawn_egg":5,"minecraft:cyan_concrete":29,"minecraft:purpur_slab":559,"minecraft:spruce_trapdoor":1407,"minecraft:spruce_sapling":2,"minecraft:pink_bed":9,"minecraft:green_carpet":1,"minecraft:chiseled_stone_bricks":190,"minecraft:cobblestone":632,"minecraft:potion":1,"minecraft:crimson_stairs":68,"minecraft:acacia_pressure_plate":3,"minecraft:andesite_stairs":107,"minecraft:warped_fence_gate":37,"minecraft:glass_pane":34,"minecraft:repeating_command_block":267,"minecraft:end_portal_frame":15,"minecraft:brush":5,"minecraft:kelp":107,"minecraft:brown_mushroom_block":77,"minecraft:sculk_vein":4,"minecraft:jukebox":9,"minecraft:candle":280,"minecraft:diamond_leggings":1,"minecraft:moss_carpet":119,"minecraft:blue_terracotta":1,"minecraft:red_sand":3,"minecraft:polished_deepslate":4500,"minecraft:light_gray_stained_glass_pane":156,"minecraft:melon":42,"minecraft:carrot_on_a_stick":257,"minecraft:bone_block":2,"minecraft:oak_sign":669,"minecraft:mangrove_button":2,"minecraft:polished_basalt":6,"minecraft:white_concrete_powder":164,"minecraft:decorated_pot":55,"minecraft:white_terracotta":1,"minecraft:zombie_spawn_egg":8,"minecraft:stripped_jungle_wood":245,"minecraft:bell":184,"minecraft:grass":373,"minecraft:player_head":100,"minecraft:mossy_stone_brick_slab":41,"minecraft:smooth_sandstone_stairs":20,"minecraft:stripped_crimson_stem":29,"minecraft:green_terracotta":2,"minecraft:sculk_sensor":8,"minecraft:spruce_leaves":76,"minecraft:white_candle":40,"minecraft:debug_stick":41,"minecraft:oxidized_cut_copper":181,"minecraft:orange_glazed_terracotta":243,"minecraft:jungle_planks":3859,"minecraft:nether_bricks":1,"minecraft:prismarine_brick_stairs":7,"minecraft:carrot":12,"minecraft:deepslate_tile_slab":158,"minecraft:tuff":2539,"minecraft:beehive":10,"minecraft:cyan_wool":2893,"minecraft:milk_bucket":84,"minecraft:obsidian":38,"minecraft:big_dripleaf":21,"minecraft:polished_deepslate_stairs":110,"minecraft:glow_squid_spawn_egg":1,"minecraft:red_sandstone_stairs":16,"minecraft:glass":413,"minecraft:crimson_button":25,"minecraft:waxed_oxidized_copper":216,"minecraft:cyan_terracotta":4970,"minecraft:mangrove_log":5,"minecraft:bricks":1150,"minecraft:coal_ore":5,"minecraft:quartz_slab":228,"minecraft:spruce_wood":4508,"minecraft:lantern":673,"minecraft:packed_mud":906,"minecraft:green_wool":409,"minecraft:warped_nylium":4,"minecraft:dark_oak_wood":511,"minecraft:raw_gold_block":22,"minecraft:stone_bricks":1476,"minecraft:item_frame":76,"minecraft:spruce_hanging_sign":1,"minecraft:bedrock":205,"minecraft:golden_sword":354,"minecraft:deepslate_diamond_ore":36,"minecraft:birch_button":7,"minecraft:birch_trapdoor":114,"minecraft:repeater":535,"minecraft:reinforced_deepslate":17,"minecraft:red_carpet":215,"minecraft:red_nether_brick_wall":147,"minecraft:redstone_lamp":101,"minecraft:honeycomb_block":19,"minecraft:brown_carpet":1240,"minecraft:written_book":256,"minecraft:scaffolding":409,"minecraft:mangrove_roots":1782,"minecraft:beetroot_seeds":1,"minecraft:polished_diorite_stairs":907,"minecraft:gold_block":621,"minecraft:skeleton_skull":8,"minecraft:large_fern":711,"minecraft:stripped_spruce_wood":639,"minecraft:mangrove_leaves":12,"minecraft:chiseled_polished_blackstone":1,"minecraft:bamboo_trapdoor":48,"minecraft:dark_oak_stairs":4317,"minecraft:end_rod":2,"minecraft:diamond_boots":1,"minecraft:torchflower":1,"minecraft:dropper":55,"minecraft:birch_leaves":117,"minecraft:dark_oak_sign":79,"minecraft:gray_carpet":39,"minecraft:jungle_fence":56,"minecraft:oak_planks":1085,"minecraft:birch_wood":26,"minecraft:polished_diorite_slab":55,"minecraft:sandstone":122,"minecraft:structure_void":29,"minecraft:chainmail_helmet":2,"minecraft:redstone_block":925,"minecraft:end_stone_brick_slab":5,"minecraft:calibrated_sculk_sensor":5,"minecraft:large_amethyst_bud":134,"minecraft:white_wool":47,"minecraft:yellow_terracotta":4,"minecraft:light_blue_concrete":4,"minecraft:lime_stained_glass_pane":1,"minecraft:loom":115,"minecraft:light_blue_wool":2383,"minecraft:light_gray_terracotta":11,"minecraft:deepslate_redstone_ore":37,"minecraft:yellow_concrete":159,"minecraft:note_block":86,"minecraft:sponge":77,"minecraft:dripstone_block":335,"minecraft:ochre_froglight":85,"minecraft:stone_brick_wall":159,"minecraft:shulker_spawn_egg":4,"minecraft:end_stone":56,"minecraft:deepslate_lapis_ore":9,"minecraft:cobbled_deepslate_stairs":865,"minecraft:redstone_torch":347,"minecraft:sticky_piston":128,"minecraft:black_terracotta":238,"minecraft:lever":79,"minecraft:blue_glazed_terracotta":3,"minecraft:black_concrete":652,"minecraft:firework_rocket":282,"minecraft:daylight_detector":47,"minecraft:acacia_door":1,"minecraft:dark_oak_log":49,"minecraft:gray_shulker_box":2,"minecraft:light_gray_concrete":352,"minecraft:lime_carpet":8,"minecraft:heavy_weighted_pressure_plate":24,"minecraft:brown_stained_glass":12,"minecraft:brown_wool":167,"minecraft:barrier":3896,"minecraft:string":216,"minecraft:iron_door":127,"minecraft:deepslate":1273,"minecraft:prismarine_wall":76,"minecraft:gravel":75,"minecraft:golden_helmet":2,"minecraft:granite_slab":293,"minecraft:evoker_spawn_egg":1,"minecraft:smooth_red_sandstone_slab":14,"minecraft:light_blue_concrete_powder":13,"minecraft:grindstone":62,"minecraft:stripped_oak_wood":90,"minecraft:medium_amethyst_bud":90,"minecraft:crimson_door":1,"minecraft:andesite":1593,"minecraft:deepslate_coal_ore":90,"minecraft:chain":560,"minecraft:smooth_stone_slab":459,"minecraft:white_concrete":992,"minecraft:coarse_dirt":742,"minecraft:warped_button":4,"minecraft:chorus_plant":77,"minecraft:bone_meal":51,"minecraft:cobweb":1934,"minecraft:azalea":1,"minecraft:oak_fence":3,"minecraft:purpur_block":208,"minecraft:netherite_sword":7,"minecraft:waxed_weathered_copper":65,"minecraft:granite_stairs":598,"minecraft:crimson_fence":405,"minecraft:flint_and_steel":91,"minecraft:redstone":484,"minecraft:spruce_planks":1302,"minecraft:sculk":93,"minecraft:deepslate_gold_ore":35,"minecraft:stripped_birch_wood":18,"minecraft:dried_kelp_block":24,"minecraft:oak_door":4,"minecraft:end_stone_brick_wall":21,"minecraft:dirt":442,"minecraft:spyglass":17,"minecraft:red_nether_brick_slab":74,"minecraft:white_carpet":64,"minecraft:hopper":86,"minecraft:prismarine_bricks":355,"minecraft:spruce_stairs":558,"minecraft:cobblestone_wall":73,"minecraft:shulker_box":5,"minecraft:warped_door":24,"minecraft:oak_wood":631,"minecraft:bee_nest":12,"minecraft:pink_carpet":32,"minecraft:granite":5115,"minecraft:spruce_fence":502,"minecraft:andesite_wall":405,"minecraft:birch_door":6,"minecraft:purple_stained_glass_pane":6,"minecraft:stone_brick_slab":78,"minecraft:dark_oak_planks":10181,"minecraft:brown_terracotta":5851,"minecraft:light_gray_stained_glass":244,"minecraft:bookshelf":564,"minecraft:yellow_stained_glass":20,"minecraft:oak_stairs":67,"minecraft:acacia_slab":349,"minecraft:smooth_sandstone":673,"minecraft:red_candle":3,"minecraft:light_gray_wool":131,"minecraft:black_stained_glass":2440,"minecraft:soul_soil":66,"minecraft:emerald_block":3,"minecraft:pitcher_plant":3,"minecraft:dark_oak_pressure_plate":7,"minecraft:lime_stained_glass":11,"minecraft:deepslate_tile_stairs":452,"minecraft:white_stained_glass_pane":291,"minecraft:minecart":2,"minecraft:cyan_concrete_powder":6,"minecraft:stone_pressure_plate":4,"minecraft:granite_wall":713,"minecraft:cooked_beef":2,"minecraft:mossy_stone_brick_wall":218,"minecraft:dead_bubble_coral_block":1,"minecraft:zombified_piglin_spawn_egg":2,"minecraft:powder_snow_bucket":29,"minecraft:brown_candle":5,"minecraft:turtle_egg":90,"minecraft:pumpkin":7,"minecraft:light_gray_bed":14,"minecraft:bamboo_planks":58,"minecraft:cobbled_deepslate_wall":18,"minecraft:quartz_bricks":1797,"minecraft:amethyst_block":63,"minecraft:jigsaw":8,"minecraft:cobblestone_stairs":346,"minecraft:pink_glazed_terracotta":1,"minecraft:snow_block":11,"minecraft:dark_oak_hanging_sign":6,"minecraft:polished_andesite":1724,"minecraft:mud_brick_slab":104,"minecraft:red_nether_bricks":54,"minecraft:copper_block":5,"minecraft:blue_wool":509,"minecraft:andesite_slab":139,"minecraft:purple_glazed_terracotta":111,"minecraft:black_shulker_box":15,"minecraft:cut_sandstone":422,"minecraft:magenta_stained_glass":3,"minecraft:sniffer_egg":7,"minecraft:spruce_sign":128,"minecraft:white_dye":18,"minecraft:chiseled_nether_bricks":174,"minecraft:beacon":10,"minecraft:stonecutter":15,"minecraft:red_glazed_terracotta":1135,"minecraft:cobblestone_slab":175,"minecraft:glow_item_frame":4,"minecraft:polished_blackstone_pressure_plate":6,"minecraft:mangrove_trapdoor":115,"minecraft:stripped_dark_oak_log":1192,"minecraft:terracotta":3,"minecraft:magenta_bed":1,"minecraft:dead_fire_coral_block":2,"minecraft:brown_banner":10,"minecraft:bamboo_block":5,"minecraft:yellow_stained_glass_pane":14,"minecraft:light_gray_concrete_powder":372,"minecraft:polar_bear_spawn_egg":5,"minecraft:brown_glazed_terracotta":3,"minecraft:painting":686,"minecraft:magenta_carpet":2,"minecraft:piglin_head":1,"minecraft:smooth_red_sandstone_stairs":12,"minecraft:smoker":64,"minecraft:warped_planks":7,"minecraft:book":70,"minecraft:dark_oak_door":98,"minecraft:nether_gold_ore":6,"minecraft:cyan_stained_glass":80,"minecraft:purple_stained_glass":20,"minecraft:gray_terracotta":7618,"minecraft:piston":14,"minecraft:netherite_block":1,"minecraft:flower_pot":112,"minecraft:activator_rail":61,"minecraft:acacia_stairs":1253,"minecraft:black_wool":1256,"minecraft:command_block":657,"minecraft:gray_candle":38,"minecraft:map":35,"minecraft:detector_rail":72,"minecraft:jungle_stairs":776,"minecraft:stone_slab":297,"minecraft:budding_amethyst":12,"minecraft:yellow_wool":70,"minecraft:acacia_fence_gate":23,"minecraft:stone_axe":58,"minecraft:brown_stained_glass_pane":25,"minecraft:green_shulker_box":1,"minecraft:stripped_crimson_hyphae":14,"minecraft:mud_brick_wall":536,"minecraft:white_banner":20,"minecraft:lapis_block":2,"minecraft:jungle_door":1,"minecraft:bucket":11,"minecraft:red_banner":19,"minecraft:chain_command_block":978,"minecraft:magenta_glazed_terracotta":112,"minecraft:polished_blackstone_button":37,"minecraft:sea_pickle":121,"minecraft:purple_carpet":7,"minecraft:gray_wool":224,"minecraft:sculk_catalyst":7,"minecraft:smooth_stone":1458,"minecraft:splash_potion":478,"minecraft:pillager_spawn_egg":2,"minecraft:birch_stairs":17,"minecraft:soul_torch":6,"minecraft:lime_candle":7},"minecraft:mined":{"minecraft:player_head":1,"minecraft:player_wall_head":3,"minecraft:gray_terracotta":2,"minecraft:oak_planks":3,"minecraft:stone":219,"minecraft:scaffolding":1},"minecraft:custom":{"minecraft:interact_with_crafting_table":87,"minecraft:open_barrel":83,"minecraft:bell_ring":308,"minecraft:eat_cake_slice":150,"minecraft:leave_game":287,"minecraft:time_since_death":47645,"minecraft:play_time":24257825,"minecraft:deaths":95,"minecraft:jump":122130,"minecraft:interact_with_furnace":6,"minecraft:play_record":3,"minecraft:interact_with_cartography_table":1,"minecraft:sleep_in_bed":1,"minecraft:damage_dealt":140916,"minecraft:interact_with_smoker":11,"minecraft:inspect_dispenser":58,"minecraft:horse_one_cm":750,"minecraft:interact_with_smithing_table":7,"minecraft:inspect_dropper":154,"minecraft:interact_with_anvil":146,"minecraft:inspect_hopper":172,"minecraft:sneak_time":676332,"minecraft:interact_with_lectern":49,"minecraft:interact_with_blast_furnace":41,"minecraft:total_world_time":24257825,"minecraft:tune_noteblock":304,"minecraft:interact_with_stonecutter":6,"minecraft:time_since_rest":47677,"minecraft:swim_one_cm":89265,"minecraft:fly_one_cm":148583408,"minecraft:open_chest":224,"minecraft:fall_one_cm":194743,"minecraft:open_shulker_box":134,"minecraft:damage_resisted":50,"minecraft:sprint_one_cm":9200242,"minecraft:drop":953,"minecraft:talked_to_villager":45,"minecraft:interact_with_brewingstand":74,"minecraft:walk_on_water_one_cm":650470,"minecraft:interact_with_loom":28,"minecraft:open_enderchest":2,"minecraft:interact_with_beacon":2,"minecraft:player_kills":3,"minecraft:crouch_one_cm":634236,"minecraft:mob_kills":382,"minecraft:fill_cauldron":2,"minecraft:damage_dealt_resisted":21957181,"minecraft:climb_one_cm":152718,"minecraft:walk_one_cm":13719503,"minecraft:walk_under_water_one_cm":420358,"minecraft:boat_one_cm":15169,"minecraft:pot_flower":56,"minecraft:interact_with_grindstone":12,"minecraft:damage_taken":2147483647,"minecraft:minecart_one_cm":232573,"minecraft:pig_one_cm":690,"minecraft:aviate_one_cm":805},"minecraft:killed":{"minecraft:cave_spider":1,"minecraft:dolphin":1,"minecraft:shulker":14,"minecraft:pufferfish":1,"minecraft:skeleton":10,"minecraft:chicken":40,"minecraft:cat":54,"minecraft:parrot":8,"minecraft:pillager":3,"minecraft:donkey":1,"minecraft:zombie":23,"minecraft:glow_squid":5,"minecraft:cow":2,"minecraft:endermite":4,"minecraft:horse":3,"minecraft:warden":14,"minecraft:frog":1,"minecraft:wandering_trader":1,"minecraft:enderman":3,"minecraft:zombified_piglin":10,"minecraft:spider":9,"minecraft:tadpole":26,"minecraft:wither":11,"minecraft:bee":41,"minecraft:illusioner":1,"minecraft:piglin_brute":1,"minecraft:wolf":1,"minecraft:piglin":4,"minecraft:pig":16,"minecraft:creeper":9,"minecraft:sheep":3,"minecraft:vex":3,"minecraft:giant":29,"minecraft:slime":13,"minecraft:phantom":1,"minecraft:bat":3,"minecraft:villager":5}},"DataVersion":3465}