{"stats":{"minecraft:picked_up":{"minecraft:wooden_axe":6,"minecraft:suspicious_stew":1,"minecraft:lead":5,"minecraft:blue_concrete":6,"minecraft:golden_sword":1,"minecraft:music_disc_cat":97,"minecraft:string":1,"minecraft:pufferfish":39,"minecraft:spruce_planks":30,"minecraft:acacia_fence_gate":7,"minecraft:written_book":76,"minecraft:dark_oak_door":1,"minecraft:golden_helmet":7,"minecraft:mojang_banner_pattern":7,"minecraft:beehive":3,"minecraft:music_disc_blocks":22,"minecraft:jukebox":1,"minecraft:golden_axe":2,"minecraft:honeycomb_block":1,"minecraft:brown_carpet":1,"minecraft:command_block":30,"minecraft:light_blue_wool":2,"minecraft:tropical_fish":5,"minecraft:cyan_terracotta":7,"minecraft:iron_bars":3,"minecraft:barrier":72,"minecraft:stripped_spruce_wood":2,"minecraft:gray_terracotta":29,"minecraft:moss_block":6,"minecraft:honeycomb":45,"minecraft:glow_lichen":1,"minecraft:dropper":4,"minecraft:stripped_spruce_log":32,"minecraft:ink_sac":20,"minecraft:quartz_bricks":2,"minecraft:deepslate":1,"minecraft:granite":7,"minecraft:blue_ice":1,"minecraft:chainmail_helmet":7,"minecraft:redstone_lamp":6,"minecraft:white_stained_glass":10,"minecraft:netherite_sword":1,"minecraft:music_disc_otherside":1,"minecraft:poppy":1,"minecraft:minecart":1,"minecraft:spruce_slab":160,"minecraft:cherry_button":64,"minecraft:piston":48,"minecraft:egg":10,"minecraft:black_stained_glass":1,"minecraft:sandstone":1,"minecraft:stone":12,"minecraft:music_disc_mellohi":14,"minecraft:redstone":76,"minecraft:repeating_command_block":32,"minecraft:white_wool":1,"minecraft:clock":7,"minecraft:tripwire_hook":3,"minecraft:yellow_dye":2,"minecraft:packed_mud":6,"minecraft:lily_pad":8,"minecraft:sculk_vein":11,"minecraft:paper":1,"minecraft:music_disc_far":26,"minecraft:cherry_sign":1,"minecraft:iron_sword":1,"minecraft:dark_oak_stairs":2,"minecraft:dark_oak_slab":2,"minecraft:white_stained_glass_pane":6,"minecraft:chain_command_block":32,"minecraft:milk_bucket":28,"minecraft:red_wool":1,"minecraft:lime_concrete":1,"minecraft:spyglass":7,"minecraft:crimson_stairs":3,"minecraft:sea_lantern":1,"minecraft:firework_rocket":1,"minecraft:stone_axe":18,"minecraft:polished_diorite":2,"minecraft:painting":1,"minecraft:dark_oak_hanging_sign":1,"minecraft:oak_button":2,"minecraft:stripped_dark_oak_log":1,"minecraft:shulker_shell":65,"minecraft:music_disc_strad":1,"minecraft:redstone_block":189,"minecraft:iron_trapdoor":1,"minecraft:potion":1,"minecraft:iron_leggings":1,"minecraft:oak_sign":16,"minecraft:smooth_stone":5,"minecraft:comparator":200,"minecraft:red_dye":1,"minecraft:redstone_torch":67,"minecraft:calcite":10,"minecraft:tipped_arrow":1,"minecraft:stick":1,"minecraft:brown_terracotta":5,"minecraft:snow_block":159,"minecraft:diorite":5,"minecraft:blue_stained_glass":1,"minecraft:music_disc_ward":7,"minecraft:music_disc_wait":9,"minecraft:cod":111,"minecraft:cobblestone":2,"minecraft:repeater":154,"minecraft:warped_fungus_on_a_stick":5,"minecraft:andesite":16,"minecraft:orange_carpet":5,"minecraft:tuff":4,"minecraft:prismarine_bricks":1,"minecraft:dirt":13,"minecraft:stripped_birch_log":2,"minecraft:polished_granite":5,"minecraft:name_tag":1,"minecraft:leather_boots":7,"minecraft:glass":1,"minecraft:bone":8,"minecraft:acacia_planks":3,"minecraft:bell":1,"minecraft:popped_chorus_fruit":64,"minecraft:cyan_concrete":4,"minecraft:music_disc_13":37,"minecraft:jungle_planks":4,"minecraft:sand":5,"minecraft:grass_block":75,"minecraft:light_gray_concrete":2,"minecraft:white_concrete":142,"minecraft:oak_leaves":2,"minecraft:fishing_rod":1,"minecraft:cocoa_beans":22,"minecraft:ladder":64,"minecraft:gold_block":7,"minecraft:dragon_breath":1,"minecraft:iron_axe":7,"minecraft:wooden_sword":2,"minecraft:magenta_wool":1,"minecraft:cyan_carpet":3,"minecraft:detector_rail":1,"minecraft:player_head":32,"minecraft:observer":1,"minecraft:spruce_trapdoor":2,"minecraft:orange_dye":1,"minecraft:music_disc_relic":25,"minecraft:bowl":7,"minecraft:note_block":3,"minecraft:music_disc_11":3,"minecraft:dark_oak_planks":9,"minecraft:bamboo_button":1,"minecraft:salmon":52,"minecraft:leather":4,"minecraft:carrot_on_a_stick":3,"minecraft:music_disc_stal":21,"minecraft:ice":1,"minecraft:bedrock":6,"minecraft:cobblestone_wall":4,"minecraft:smooth_sandstone":1,"minecraft:deepslate_emerald_ore":5,"minecraft:spruce_wood":10,"minecraft:soul_sand":1,"minecraft:music_disc_chirp":17,"minecraft:book":7,"minecraft:scaffolding":1,"minecraft:bamboo_fence":1,"minecraft:brush":7,"minecraft:music_disc_mall":4,"minecraft:acacia_slab":2,"minecraft:black_wool":1,"minecraft:red_concrete":4},"minecraft:crafted":{"minecraft:brown_dye":2},"minecraft:dropped":{"minecraft:repeating_command_block":145,"minecraft:dark_oak_slab":3,"minecraft:warped_fungus_on_a_stick":3,"minecraft:music_disc_relic":9,"minecraft:cracked_stone_bricks":1,"minecraft:gold_block":9,"minecraft:dirt":30,"minecraft:packed_mud":20,"minecraft:gray_concrete":1,"minecraft:yellow_dye":2,"minecraft:stripped_dark_oak_wood":1,"minecraft:cherry_button":68,"minecraft:wooden_sword":8,"minecraft:sand":4,"minecraft:purple_wool":2,"minecraft:dark_oak_planks":99,"minecraft:music_disc_stal":1,"minecraft:white_wool":3,"minecraft:cyan_carpet":5,"minecraft:music_disc_blocks":1,"minecraft:dark_oak_door":4,"minecraft:note_block":4,"minecraft:stone_axe":35,"minecraft:music_disc_chirp":3,"minecraft:detector_rail":1,"minecraft:tinted_glass":1,"minecraft:netherite_sword":2,"minecraft:blue_wool":9,"minecraft:stripped_dark_oak_log":3,"minecraft:dark_oak_hanging_sign":1,"minecraft:oak_planks":4,"minecraft:end_stone":1,"minecraft:music_disc_far":1,"minecraft:quartz_bricks":6,"minecraft:blue_stained_glass":2,"minecraft:tipped_arrow":1,"minecraft:deepslate_tiles":2,"minecraft:jungle_stairs":1,"minecraft:honey_block":64,"minecraft:music_disc_mall":1,"minecraft:ladder":64,"minecraft:painting":2,"minecraft:spruce_slab":49,"minecraft:glass":2,"minecraft:granite_wall":1,"minecraft:egg":3,"minecraft:cobbled_deepslate_stairs":1,"minecraft:dripstone_block":1,"minecraft:yellow_terracotta":1,"minecraft:barrier":29,"minecraft:cobblestone":8,"minecraft:granite":18,"minecraft:command_block":137,"minecraft:coal_block":1,"minecraft:polished_andesite":1,"minecraft:dried_kelp_block":1,"minecraft:jungle_slab":1,"minecraft:sculk":8,"minecraft:iron_trapdoor":2,"minecraft:wooden_axe":49,"minecraft:brown_terracotta":35,"minecraft:stripped_birch_log":3,"minecraft:red_dye":1,"minecraft:smooth_stone":23,"minecraft:paper":1,"minecraft:smooth_sandstone":4,"minecraft:acacia_planks":72,"minecraft:bamboo_planks":1,"minecraft:snow_block":64,"minecraft:player_head":2,"minecraft:cocoa_beans":1,"minecraft:deepslate":4,"minecraft:bamboo_button":1,"minecraft:blue_concrete":12,"minecraft:name_tag":1,"minecraft:light_gray_concrete":5,"minecraft:glow_lichen":2,"minecraft:white_terracotta":1,"minecraft:orange_wool":2,"minecraft:oak_sign":21,"minecraft:spruce_fence":2,"minecraft:diamond_sword":13,"minecraft:polished_granite_stairs":1,"minecraft:cyan_wool":3,"minecraft:shroomlight":1,"minecraft:stone":65,"minecraft:flower_pot":1,"minecraft:spruce_trapdoor":3,"minecraft:spruce_planks":28,"minecraft:diamond_pickaxe":2,"minecraft:popped_chorus_fruit":64,"minecraft:andesite_stairs":1,"minecraft:redstone_torch":132,"minecraft:stone_bricks":1,"minecraft:brown_carpet":2,"minecraft:sandstone":2,"minecraft:bow":1,"minecraft:bell":1,"minecraft:stripped_spruce_wood":5,"minecraft:black_wool":4,"minecraft:warped_stem":1,"minecraft:soul_sand":1,"minecraft:moss_block":11,"minecraft:dark_oak_stairs":6,"minecraft:orange_dye":1,"minecraft:lantern":1,"minecraft:honeycomb":118,"minecraft:jungle_planks":25,"minecraft:red_wool":70,"minecraft:bedrock":10,"minecraft:carrot_on_a_stick":2,"minecraft:music_disc_11":3,"minecraft:music_disc_13":1,"minecraft:orange_glazed_terracotta":1,"minecraft:spruce_leaves":1,"minecraft:cyan_terracotta":29,"minecraft:redstone_lamp":11,"minecraft:orange_carpet":7,"minecraft:cherry_trapdoor":1,"minecraft:cornflower":64,"minecraft:dark_oak_wood":5,"minecraft:white_stained_glass_pane":1,"minecraft:black_concrete":136,"minecraft:pink_glazed_terracotta":1,"minecraft:black_stained_glass":3,"minecraft:honeycomb_block":2,"minecraft:pink_terracotta":65,"minecraft:blackstone":2,"minecraft:music_disc_otherside":2,"minecraft:stripped_jungle_wood":1,"minecraft:lime_wool":1,"minecraft:black_terracotta":64,"minecraft:prismarine":1,"minecraft:beehive":192,"minecraft:acacia_stairs":2,"minecraft:chiseled_stone_bricks":1,"minecraft:shulker_shell":65,"minecraft:glowstone":1,"minecraft:acacia_slab":64,"minecraft:spruce_wood":29,"minecraft:iron_bars":5,"minecraft:cyan_concrete":34,"minecraft:prismarine_bricks":2,"minecraft:chain_command_block":107,"minecraft:scaffolding":1,"minecraft:written_book":29,"minecraft:oak_leaves":5,"minecraft:magenta_wool":5,"minecraft:polished_granite":16,"minecraft:netherrack":1,"minecraft:firework_rocket":1,"minecraft:stripped_spruce_log":24,"minecraft:minecart":1,"minecraft:bookshelf":3,"minecraft:diamond_leggings":1,"minecraft:observer":2,"minecraft:piglin_head":1,"minecraft:grass_block":213,"minecraft:cherry_sign":1,"minecraft:milk_bucket":22,"minecraft:diorite":16,"minecraft:repeater":508,"minecraft:light_blue_wool":3,"minecraft:white_concrete":243,"minecraft:mud_brick_stairs":1,"minecraft:iron_door":3,"minecraft:iron_leggings":1,"minecraft:music_disc_ward":2,"minecraft:iron_axe":1,"minecraft:music_disc_wait":6,"minecraft:music_disc_cat":1,"minecraft:redstone_block":1063,"minecraft:redstone":551,"minecraft:polished_deepslate":1,"minecraft:polished_diorite":9,"minecraft:red_concrete":72,"minecraft:brown_dye":2,"minecraft:coarse_dirt":1,"minecraft:jukebox":2,"minecraft:lime_concrete":4,"minecraft:tuff":23,"minecraft:comparator":491,"minecraft:filled_map":1,"minecraft:bamboo_stairs":1,"minecraft:bamboo_fence":3,"minecraft:gray_terracotta":81,"minecraft:mud_bricks":3,"minecraft:oak_button":6,"minecraft:andesite":35,"minecraft:quartz_stairs":3,"minecraft:blue_ice":1,"minecraft:spruce_log":1,"minecraft:music_disc_mellohi":1,"minecraft:calcite":33,"minecraft:white_stained_glass":5},"minecraft:killed_by":{"minecraft:zombie":1,"minecraft:player":2},"minecraft:used":{"minecraft:moss_block":610,"minecraft:music_disc_far":25,"minecraft:writable_book":14,"minecraft:polished_granite_stairs":51,"minecraft:spruce_slab":37,"minecraft:dispenser":1,"minecraft:bamboo_sign":1,"minecraft:ladder":7,"minecraft:chest":3,"minecraft:stone":329,"minecraft:quartz_stairs":7,"minecraft:soul_sand":5,"minecraft:blue_stained_glass":6,"minecraft:jungle_slab":11,"minecraft:orange_wool":19,"minecraft:acacia_button":3,"minecraft:snowball":91,"minecraft:stripped_spruce_log":143,"minecraft:music_disc_relic":27,"minecraft:wandering_trader_spawn_egg":1,"minecraft:frog_spawn_egg":3,"minecraft:honey_block":10,"minecraft:lava_bucket":3,"minecraft:stripped_dark_oak_wood":16,"minecraft:quartz_pillar":9,"minecraft:villager_spawn_egg":27,"minecraft:red_wool":219,"minecraft:deepslate_copper_ore":9,"minecraft:grass_block":1139,"minecraft:music_disc_ward":6,"minecraft:polished_andesite_stairs":4,"minecraft:music_disc_chirp":15,"minecraft:dark_oak_slab":62,"minecraft:cherry_button":58,"minecraft:music_disc_wait":5,"minecraft:dark_oak_button":1,"minecraft:stone_brick_stairs":6,"minecraft:music_disc_stal":20,"minecraft:bow":9,"minecraft:snow":2,"minecraft:yellow_glazed_terracotta":3,"minecraft:acacia_fence":3,"minecraft:egg":8,"minecraft:end_stone_brick_stairs":1,"minecraft:deepslate_brick_wall":8,"minecraft:diorite":33,"minecraft:damaged_anvil":9,"minecraft:warped_fungus_on_a_stick":19,"minecraft:stripped_birch_log":18,"minecraft:red_stained_glass":4,"minecraft:acacia_trapdoor":3,"minecraft:powered_rail":82,"minecraft:prismarine":6,"minecraft:blackstone":22,"minecraft:mossy_stone_brick_stairs":1,"minecraft:parrot_spawn_egg":10,"minecraft:purpur_pillar":2,"minecraft:oak_leaves":11,"minecraft:dark_oak_trapdoor":46,"minecraft:sand":9,"minecraft:blast_furnace":1,"minecraft:blue_ice":7,"minecraft:gray_concrete":12,"minecraft:bamboo_button":174,"minecraft:lightning_rod":2,"minecraft:deepslate_tiles":31,"minecraft:enderman_spawn_egg":2,"minecraft:stripped_bamboo_block":1,"minecraft:birch_slab":24,"minecraft:deepslate_iron_ore":9,"minecraft:stone_button":32,"minecraft:cyan_carpet":18,"minecraft:white_glazed_terracotta":1,"minecraft:lectern":5,"minecraft:red_terracotta":21,"minecraft:polished_granite":174,"minecraft:cherry_sign":9,"minecraft:fire_charge":2,"minecraft:diamond_sword":4,"minecraft:coal_block":18,"minecraft:dark_oak_fence":2,"minecraft:white_stained_glass":7,"minecraft:ice":2,"minecraft:purple_wool":14,"minecraft:gray_stained_glass":1,"minecraft:oak_trapdoor":3,"minecraft:iron_bars":69,"minecraft:orange_concrete":15,"minecraft:dead_bush":4,"minecraft:armor_stand":7,"minecraft:red_concrete":281,"minecraft:tinted_glass":7,"minecraft:netherrack":3,"minecraft:orange_stained_glass":2,"minecraft:brewing_stand":4,"minecraft:target":2,"minecraft:anvil":16,"minecraft:crimson_hyphae":22,"minecraft:nether_brick_slab":3,"minecraft:polished_granite_slab":25,"minecraft:glow_lichen":6,"minecraft:blue_concrete":29,"minecraft:mud_brick_stairs":21,"minecraft:oak_fence_gate":1,"minecraft:polished_diorite":36,"minecraft:fern":4,"minecraft:music_disc_mellohi":13,"minecraft:sea_lantern":29,"minecraft:chipped_anvil":1,"minecraft:bamboo_fence":12,"minecraft:muddy_mangrove_roots":32,"minecraft:iron_block":105,"minecraft:light_weighted_pressure_plate":1,"minecraft:rooted_dirt":1,"minecraft:cherry_slab":5,"minecraft:bamboo_hanging_sign":1,"minecraft:piglin_brute_spawn_egg":1,"minecraft:mud_bricks":77,"minecraft:barrel":1,"minecraft:blaze_spawn_egg":29,"minecraft:glowstone":10,"minecraft:purple_concrete":3,"minecraft:lime_concrete":13,"minecraft:magenta_wool":66,"minecraft:tall_grass":6,"minecraft:iron_trapdoor":49,"minecraft:magenta_terracotta":16,"minecraft:goat_horn":3,"minecraft:podzol":2,"minecraft:cobbled_deepslate":7,"minecraft:acacia_planks":112,"minecraft:observer":40,"minecraft:orange_terracotta":13,"minecraft:calcite":126,"minecraft:deepslate_emerald_ore":8,"minecraft:crimson_stem":43,"minecraft:water_bucket":9,"minecraft:chiseled_bookshelf":2,"minecraft:mangrove_wood":3,"minecraft:light_blue_glazed_terracotta":1,"minecraft:lime_wool":2,"minecraft:cherry_planks":29,"minecraft:cauldron":74,"minecraft:glow_ink_sac":8,"minecraft:spruce_fence_gate":2,"minecraft:horse_spawn_egg":1,"minecraft:cracked_stone_bricks":3,"minecraft:gilded_blackstone":3,"minecraft:bamboo_mosaic_stairs":1,"minecraft:mossy_cobblestone":6,"minecraft:diamond_block":4,"minecraft:orange_carpet":9,"minecraft:lime_terracotta":19,"minecraft:rail":4,"minecraft:comparator":465,"minecraft:crafting_table":4,"minecraft:red_bed":1,"minecraft:crimson_trapdoor":4,"minecraft:phantom_spawn_egg":1,"minecraft:dark_oak_fence_gate":3,"minecraft:endermite_spawn_egg":1,"minecraft:bamboo_fence_gate":2,"minecraft:spruce_log":16,"minecraft:music_disc_strad":1,"minecraft:bat_spawn_egg":16,"minecraft:oak_log":1,"minecraft:blue_stained_glass_pane":1,"minecraft:ender_eye":24,"minecraft:light":65,"minecraft:diamond_pickaxe":236,"minecraft:acacia_sign":5,"minecraft:oak_button":49,"minecraft:pig_spawn_egg":3,"minecraft:cyan_concrete":266,"minecraft:spruce_trapdoor":134,"minecraft:bamboo_slab":4,"minecraft:music_disc_blocks":21,"minecraft:chiseled_stone_bricks":1,"minecraft:green_carpet":2,"minecraft:enchanted_book":16,"minecraft:cobblestone":114,"minecraft:crimson_stairs":49,"minecraft:andesite_stairs":12,"minecraft:glass_pane":3,"minecraft:repeating_command_block":1117,"minecraft:end_portal_frame":28,"minecraft:brush":35,"minecraft:candle":4,"minecraft:jukebox":11,"minecraft:moss_carpet":1,"minecraft:blue_terracotta":3,"minecraft:polished_deepslate":93,"minecraft:light_gray_stained_glass_pane":2,"minecraft:carrot_on_a_stick":216,"minecraft:oak_sign":135,"minecraft:mangrove_button":1,"minecraft:white_concrete_powder":3,"minecraft:white_terracotta":90,"minecraft:creeper_head":1,"minecraft:stripped_jungle_wood":12,"minecraft:bell":236,"minecraft:player_head":19,"minecraft:green_terracotta":14,"minecraft:sculk_sensor":10,"minecraft:spruce_leaves":1,"minecraft:debug_stick":77,"minecraft:orange_glazed_terracotta":13,"minecraft:jungle_planks":172,"minecraft:pink_terracotta":6,"minecraft:music_disc_13":36,"minecraft:tuff":232,"minecraft:music_disc_11":2,"minecraft:beehive":60,"minecraft:cyan_wool":34,"minecraft:axolotl_bucket":1,"minecraft:milk_bucket":37,"minecraft:glass":10,"minecraft:crimson_button":22,"minecraft:cyan_terracotta":402,"minecraft:coal_ore":4,"minecraft:spruce_wood":279,"minecraft:lantern":18,"minecraft:packed_mud":111,"minecraft:iron_helmet":5,"minecraft:dark_oak_wood":131,"minecraft:tropical_fish_spawn_egg":39,"minecraft:stone_bricks":37,"minecraft:item_frame":7,"minecraft:bedrock":70,"minecraft:birch_button":4,"minecraft:deepslate_diamond_ore":8,"minecraft:birch_trapdoor":1,"minecraft:repeater":1043,"minecraft:redstone_lamp":68,"minecraft:honeycomb_block":14,"minecraft:brown_carpet":9,"minecraft:written_book":65,"minecraft:scaffolding":5,"minecraft:mangrove_roots":2,"minecraft:gold_block":47,"minecraft:stripped_spruce_wood":48,"minecraft:bamboo_trapdoor":7,"minecraft:dark_oak_stairs":39,"minecraft:end_rod":1,"minecraft:dropper":2,"minecraft:dark_oak_sign":1,"minecraft:oak_planks":31,"minecraft:ender_pearl":3,"minecraft:sandstone":1,"minecraft:chainmail_helmet":1,"minecraft:redstone_block":827,"minecraft:calibrated_sculk_sensor":1,"minecraft:bamboo_stairs":13,"minecraft:white_wool":3,"minecraft:yellow_terracotta":97,"minecraft:light_blue_concrete":8,"minecraft:light_blue_wool":4,"minecraft:deepslate_redstone_ore":9,"minecraft:yellow_concrete":20,"minecraft:dripstone_block":2,"minecraft:ochre_froglight":6,"minecraft:note_block":78,"minecraft:stone_brick_wall":2,"minecraft:deepslate_lapis_ore":9,"minecraft:end_stone":2,"minecraft:cobbled_deepslate_stairs":5,"minecraft:redstone_torch":56,"minecraft:black_terracotta":2,"minecraft:sticky_piston":11,"minecraft:lever":14,"minecraft:black_concrete":95,"minecraft:firework_rocket":8,"minecraft:light_gray_concrete":63,"minecraft:music_disc_mall":3,"minecraft:brown_wool":3,"minecraft:barrier":462,"minecraft:iron_door":38,"minecraft:deepslate":30,"minecraft:golden_helmet":13,"minecraft:grindstone":7,"minecraft:deepslate_coal_ore":12,"minecraft:andesite":169,"minecraft:chain":27,"minecraft:smooth_stone_slab":1,"minecraft:white_concrete":1197,"minecraft:coarse_dirt":5,"minecraft:warped_button":2,"minecraft:cobweb":11,"minecraft:trident":2,"minecraft:netherite_sword":247,"minecraft:granite_stairs":20,"minecraft:redstone":955,"minecraft:light_blue_terracotta":19,"minecraft:spruce_planks":149,"minecraft:ender_chest":1,"minecraft:sculk":36,"minecraft:deepslate_gold_ore":8,"minecraft:dried_kelp_block":1,"minecraft:dirt":506,"minecraft:spyglass":2,"minecraft:hopper":8,"minecraft:prismarine_bricks":7,"minecraft:spruce_stairs":28,"minecraft:cobblestone_wall":19,"minecraft:warped_door":2,"minecraft:oak_wood":5,"minecraft:golden_chestplate":1,"minecraft:granite":227,"minecraft:spruce_fence":49,"minecraft:andesite_wall":9,"minecraft:dark_oak_planks":662,"minecraft:brown_terracotta":292,"minecraft:bookshelf":6,"minecraft:light_gray_stained_glass":2,"minecraft:yellow_stained_glass":4,"minecraft:smooth_sandstone":19,"minecraft:acacia_slab":31,"minecraft:cherry_trapdoor":8,"minecraft:magma_cube_spawn_egg":14,"minecraft:black_stained_glass":31,"minecraft:emerald_block":4,"minecraft:soul_soil":1,"minecraft:lime_stained_glass":5,"minecraft:granite_wall":3,"minecraft:stone_pressure_plate":2,"minecraft:red_dye":1,"minecraft:bamboo_planks":43,"minecraft:quartz_bricks":31,"minecraft:cobblestone_stairs":2,"minecraft:pink_glazed_terracotta":3,"minecraft:dark_oak_hanging_sign":2,"minecraft:polished_andesite":45,"minecraft:netherite_chestplate":1,"minecraft:blue_wool":57,"minecraft:sniffer_egg":1,"minecraft:spruce_sign":8,"minecraft:white_dye":8,"minecraft:stonecutter":2,"minecraft:beacon":6,"minecraft:red_glazed_terracotta":1,"minecraft:chiseled_nether_bricks":1,"minecraft:cobblestone_slab":4,"minecraft:waxed_copper_block":1,"minecraft:mangrove_trapdoor":2,"minecraft:stripped_dark_oak_log":8,"minecraft:music_disc_cat":97,"minecraft:yellow_stained_glass_pane":4,"minecraft:light_gray_concrete_powder":7,"minecraft:polar_bear_spawn_egg":107,"minecraft:painting":102,"minecraft:piglin_head":1,"minecraft:dark_oak_door":362,"minecraft:purple_stained_glass":2,"minecraft:gray_terracotta":942,"minecraft:piston":17,"minecraft:flower_pot":3,"minecraft:activator_rail":1,"minecraft:acacia_stairs":55,"minecraft:black_wool":59,"minecraft:command_block":1145,"minecraft:map":1,"minecraft:jungle_stairs":1,"minecraft:stone_slab":6,"minecraft:yellow_wool":1,"minecraft:acacia_fence_gate":2,"minecraft:stone_axe":610,"minecraft:fishing_rod":132,"minecraft:cherry_stairs":2,"minecraft:mud_brick_wall":3,"minecraft:turtle_helmet":1,"minecraft:lapis_block":1,"minecraft:red_banner":3,"minecraft:bucket":11,"minecraft:chain_command_block":1492,"minecraft:polished_blackstone_button":5,"minecraft:smooth_stone":238,"minecraft:splash_potion":384,"minecraft:birch_stairs":6},"minecraft:killed":{"minecraft:shulker":20,"minecraft:chicken":4,"minecraft:cat":1,"minecraft:iron_golem":1,"minecraft:zombie":4,"minecraft:snow_golem":77,"minecraft:warden":33,"minecraft:sniffer":1,"minecraft:bee":184,"minecraft:pig":157,"minecraft:giant":51,"minecraft:slime":111,"minecraft:phantom":1,"minecraft:drowned":5,"minecraft:bat":1},"minecraft:mined":{"minecraft:oak_wall_sign":1,"minecraft:repeater":1,"minecraft:white_glazed_terracotta":1,"minecraft:white_concrete":1,"minecraft:gray_terracotta":67,"minecraft:light_gray_glazed_terracotta":1,"minecraft:light_blue_glazed_terracotta":1,"minecraft:black_glazed_terracotta":1,"minecraft:stone":162},"minecraft:custom":{"minecraft:interact_with_crafting_table":6,"minecraft:open_barrel":47,"minecraft:bell_ring":435,"minecraft:leave_game":119,"minecraft:time_since_death":12540,"minecraft:play_time":11558976,"minecraft:deaths":101,"minecraft:jump":48931,"minecraft:play_record":271,"minecraft:sleep_in_bed":12,"minecraft:damage_dealt":16248,"minecraft:inspect_dispenser":16,"minecraft:horse_one_cm":20531,"minecraft:inspect_dropper":28,"minecraft:interact_with_anvil":5,"minecraft:inspect_hopper":129,"minecraft:sneak_time":301697,"minecraft:interact_with_lectern":40,"minecraft:interact_with_blast_furnace":3,"minecraft:total_world_time":11558976,"minecraft:tune_noteblock":847,"minecraft:time_since_rest":12567,"minecraft:fly_one_cm":67918007,"minecraft:swim_one_cm":22205,"minecraft:open_chest":258,"minecraft:fall_one_cm":186202,"minecraft:open_shulker_box":3,"minecraft:sprint_one_cm":5409766,"minecraft:drop":2112,"minecraft:interact_with_brewingstand":47,"minecraft:walk_on_water_one_cm":377750,"minecraft:open_enderchest":1,"minecraft:interact_with_beacon":18,"minecraft:player_kills":3,"minecraft:crouch_one_cm":371226,"minecraft:mob_kills":699,"minecraft:climb_one_cm":16421,"minecraft:walk_one_cm":7172870,"minecraft:walk_under_water_one_cm":83587,"minecraft:pot_flower":11,"minecraft:damage_taken":2147483647,"minecraft:minecart_one_cm":107}},"DataVersion":3465}