{"stats":{"minecraft:custom":{"minecraft:jump":322,"minecraft:time_since_rest":26925,"minecraft:damage_taken":550,"minecraft:strider_one_cm":2747,"minecraft:crouch_one_cm":5921,"minecraft:leave_game":4,"minecraft:play_time":26925,"minecraft:sprint_one_cm":59642,"minecraft:time_since_death":26925,"minecraft:walk_on_water_one_cm":383,"minecraft:walk_one_cm":36138,"minecraft:sneak_time":1479,"minecraft:climb_one_cm":2131,"minecraft:total_world_time":26925,"minecraft:fall_one_cm":10503,"minecraft:fly_one_cm":81409}},"DataVersion":3465}