{"stats":{"minecraft:custom":{"minecraft:jump":1524,"minecraft:time_since_rest":284,"minecraft:deaths":11,"minecraft:damage_taken":5840,"minecraft:strider_one_cm":2747,"minecraft:crouch_one_cm":41905,"minecraft:leave_game":4,"minecraft:play_time":92925,"minecraft:sprint_one_cm":326332,"minecraft:time_since_death":281,"minecraft:walk_on_water_one_cm":5118,"minecraft:walk_one_cm":171376,"minecraft:sneak_time":10454,"minecraft:climb_one_cm":12858,"minecraft:total_world_time":92925,"minecraft:walk_under_water_one_cm":3372,"minecraft:swim_one_cm":2071,"minecraft:fall_one_cm":143944,"minecraft:fly_one_cm":370857}},"DataVersion":3465}