{"stats":{"minecraft:custom":{"minecraft:jump":1769,"minecraft:time_since_rest":4217,"minecraft:deaths":13,"minecraft:damage_taken":6650,"minecraft:strider_one_cm":2747,"minecraft:crouch_one_cm":45767,"minecraft:leave_game":4,"minecraft:play_time":104925,"minecraft:sprint_one_cm":365642,"minecraft:time_since_death":4214,"minecraft:walk_on_water_one_cm":5118,"minecraft:walk_one_cm":188907,"minecraft:sneak_time":11304,"minecraft:climb_one_cm":13922,"minecraft:total_world_time":104925,"minecraft:walk_under_water_one_cm":3372,"minecraft:swim_one_cm":2071,"minecraft:fall_one_cm":154450,"minecraft:fly_one_cm":415506}},"DataVersion":3465}