{"stats":{"minecraft:custom":{"minecraft:jump":2228,"minecraft:open_chest":2,"minecraft:time_since_rest":17233,"minecraft:minecart_one_cm":16946,"minecraft:deaths":15,"minecraft:damage_taken":8099,"minecraft:strider_one_cm":2747,"minecraft:crouch_one_cm":51396,"minecraft:leave_game":4,"minecraft:play_time":128925,"minecraft:sprint_one_cm":466620,"minecraft:time_since_death":17232,"minecraft:walk_on_water_one_cm":6991,"minecraft:walk_one_cm":236760,"minecraft:sneak_time":12347,"minecraft:climb_one_cm":14218,"minecraft:total_world_time":128925,"minecraft:walk_under_water_one_cm":4285,"minecraft:swim_one_cm":8187,"minecraft:fall_one_cm":174486,"minecraft:fly_one_cm":524472,"minecraft:aviate_one_cm":591500},"minecraft:used":{"minecraft:firework_rocket":39}},"DataVersion":3465}