{"stat.useItem.351":14,"stat.useItem.355":1,"stat.craftItem.61":4,"stat.leaveGame":8,"stat.mineBlock.134":5,"stat.mineBlock.14":12,"stat.mineBlock.13":1,"stat.mineBlock.16":211,"stat.mineBlock.15":95,"stat.mineBlock.18":28,"stat.mineBlock.17":156,"stat.swimOneCm":21536,"stat.useItem.126":181,"stat.climbOneCm":236,"achievement.buildWorkBench":12,"stat.craftItem.325":2,"achievement.exploreAllBiomes":{"value":0,"progress":["Roofed Forest","Birch Forest","Plains","Taiga"]},"stat.mineBlock.12":22,"stat.craftItem.364":13,"stat.craftItem.366":2,"stat.useItem.338":14,"stat.mineBlock.4":18,"stat.mineBlock.5":18,"stat.mineBlock.3":299,"stat.mineBlock.1":262,"stat.flyOneCm":269846,"stat.craftItem.351":18,"achievement.buildPickaxe":8,"stat.craftItem.355":1,"achievement.buildBetterPickaxe":6,"stat.mineBlock.126":34,"stat.killEntity.Bat":1,"stat.mineBlock.175":8,"stat.useItem.323":20,"achievement.buildSword":6,"achievement.mineWood":188,"stat.craftItem.320":10,"stat.craftItem.323":15,"stat.breakItem.274":1,"achievement.openInventory":259,"stat.breakItem.273":1,"stat.mineBlock.162":35,"achievement.killEnemy":16,"achievement.buildFurnace":4,"stat.craftItem.58":7,"stat.deaths":2,"stat.drop":82,"stat.playOneMinute":255898,"stat.craftItem.50":176,"stat.killEntity.Sheep":7,"stat.craftItem.54":3,"stat.killEntity.Zombie":31,"stat.craftItem.306":1,"stat.craftItem.307":1,"stat.diveOneCm":90,"stat.craftItem.308":2,"stat.craftItem.309":2,"stat.useItem.61":8,"achievement.buildHoe":4,"stat.breakItem.258":1,"stat.breakItem.257":1,"stat.jump":2250,"stat.fallOneCm":39732,"stat.craftItem.290":1,"stat.craftItem.291":1,"achievement.killCow":7,"stat.useItem.295":121,"stat.craftItem.5":680,"stat.damageTaken":11530,"stat.mineBlock.61":6,"stat.useItem.54":3,"stat.useItem.50":141,"stat.damageDealt":16850,"stat.killEntity.Cow":13,"stat.killEntity.Pig":6,"stat.useItem.58":11,"stat.useItem.274":157,"stat.useItem.273":146,"stat.useItem.275":7,"stat.walkOneCm":1274809,"stat.craftItem.265":91,"stat.craftItem.267":2,"stat.craftItem.268":1,"stat.craftItem.258":3,"stat.mineBlock.58":6,"stat.craftItem.134":36,"stat.craftItem.256":1,"stat.craftItem.257":3,"stat.craftItem.126":150,"stat.mineBlock.50":10,"stat.useItem.290":1,"stat.mineBlock.54":1,"stat.useItem.291":37,"stat.killEntity.Skeleton":9,"stat.useItem.256":166,"stat.useItem.134":21,"stat.useItem.258":253,"stat.useItem.257":430,"stat.killEntity.Chicken":2,"stat.craftItem.280":104,"stat.killEntity.Spider":5,"stat.mobKills":75,"stat.craftItem.272":2,"stat.craftItem.273":2,"stat.mineBlock.35":1,"stat.craftItem.274":2,"stat.useItem.6":6,"stat.craftItem.275":2,"stat.useItem.12":20,"stat.useItem.267":94,"achievement.acquireIron":32,"stat.craftItem.278":1,"stat.useItem.268":6,"stat.useItem.4":105,"stat.useItem.5":243,"stat.craftItem.270":2,"stat.craftItem.271":2,"stat.useItem.3":165,"stat.useItem.270":18,"stat.useItem.391":28,"stat.mineBlock.31":247,"stat.useItem.272":146,"stat.useItem.271":51}