{"stats":{"minecraft:custom":{"minecraft:jump":2301,"minecraft:open_chest":2,"minecraft:time_since_rest":33978,"minecraft:minecart_one_cm":16946,"minecraft:deaths":15,"minecraft:damage_taken":8609,"minecraft:strider_one_cm":2747,"minecraft:crouch_one_cm":51809,"minecraft:leave_game":5,"minecraft:play_time":145670,"minecraft:sprint_one_cm":482773,"minecraft:time_since_death":33977,"minecraft:walk_on_water_one_cm":7870,"minecraft:walk_one_cm":247993,"minecraft:sneak_time":12451,"minecraft:climb_one_cm":14218,"minecraft:total_world_time":145670,"minecraft:walk_under_water_one_cm":4805,"minecraft:swim_one_cm":10877,"minecraft:fall_one_cm":176878,"minecraft:fly_one_cm":542905,"minecraft:aviate_one_cm":736946},"minecraft:used":{"minecraft:firework_rocket":60}},"DataVersion":3465}