{"stat.useItem.351":14,"stat.useItem.355":1,"stat.craftItem.61":4,"stat.leaveGame":8,"stat.mineBlock.134":5,"stat.mineBlock.14":12,"stat.mineBlock.13":1,"stat.mineBlock.16":211,"stat.mineBlock.15":95,"stat.mineBlock.18":21,"stat.mineBlock.17":156,"stat.swimOneCm":15149,"stat.useItem.126":181,"stat.climbOneCm":236,"achievement.buildWorkBench":10,"stat.craftItem.325":2,"achievement.exploreAllBiomes":{"value":0,"progress":["Roofed Forest","Birch Forest","Plains","Taiga"]},"stat.mineBlock.12":22,"stat.craftItem.364":13,"stat.craftItem.366":2,"stat.useItem.338":14,"stat.mineBlock.4":18,"stat.mineBlock.5":18,"stat.mineBlock.3":294,"stat.mineBlock.1":256,"stat.flyOneCm":220931,"stat.craftItem.351":18,"achievement.buildPickaxe":8,"stat.craftItem.355":1,"achievement.buildBetterPickaxe":6,"stat.mineBlock.126":34,"stat.killEntity.Bat":1,"stat.mineBlock.175":7,"stat.useItem.323":20,"achievement.buildSword":6,"achievement.mineWood":188,"stat.craftItem.320":10,"stat.craftItem.323":15,"stat.breakItem.274":1,"achievement.openInventory":225,"stat.breakItem.273":1,"stat.mineBlock.162":35,"achievement.killEnemy":9,"achievement.buildFurnace":4,"stat.craftItem.58":6,"stat.deaths":2,"stat.drop":81,"stat.playOneMinute":231601,"stat.craftItem.50":176,"stat.killEntity.Sheep":5,"stat.craftItem.54":2,"stat.killEntity.Zombie":26,"stat.craftItem.306":1,"stat.craftItem.307":1,"stat.craftItem.308":2,"stat.craftItem.309":2,"stat.useItem.61":8,"achievement.buildHoe":2,"stat.breakItem.258":1,"stat.breakItem.257":1,"stat.jump":1903,"stat.fallOneCm":32665,"stat.craftItem.291":1,"achievement.killCow":7,"stat.useItem.295":87,"stat.craftItem.5":680,"stat.damageTaken":11345,"stat.mineBlock.61":6,"stat.useItem.54":2,"stat.useItem.50":137,"stat.damageDealt":14170,"stat.killEntity.Cow":13,"stat.killEntity.Pig":6,"stat.useItem.58":10,"stat.useItem.274":157,"stat.useItem.273":146,"stat.useItem.275":7,"stat.walkOneCm":1097008,"stat.craftItem.265":91,"stat.craftItem.267":2,"stat.craftItem.268":1,"stat.craftItem.258":3,"stat.mineBlock.58":6,"stat.craftItem.134":36,"stat.craftItem.256":1,"stat.craftItem.257":3,"stat.craftItem.126":150,"stat.mineBlock.50":10,"stat.mineBlock.54":1,"stat.useItem.291":37,"stat.killEntity.Skeleton":8,"stat.useItem.256":166,"stat.useItem.134":21,"stat.useItem.258":253,"stat.useItem.257":424,"stat.killEntity.Chicken":2,"stat.craftItem.280":104,"stat.killEntity.Spider":4,"stat.mobKills":66,"stat.craftItem.272":2,"stat.craftItem.273":2,"stat.craftItem.274":2,"stat.useItem.6":6,"stat.craftItem.275":2,"stat.useItem.12":20,"stat.useItem.267":47,"achievement.acquireIron":32,"stat.craftItem.278":1,"stat.useItem.268":6,"stat.useItem.4":105,"stat.useItem.5":243,"stat.craftItem.270":2,"stat.craftItem.271":2,"stat.useItem.3":114,"stat.useItem.270":18,"stat.useItem.391":28,"stat.mineBlock.31":230,"stat.useItem.272":146,"stat.useItem.271":51}