{"stat.useItem.274":124,"stat.useItem.275":1,"stat.walkOneCm":69978,"stat.craftItem.265":5,"stat.useItem.61":1,"stat.craftItem.61":1,"stat.leaveGame":1,"stat.mineBlock.175":4,"stat.mineBlock.58":2,"stat.mineBlock.16":42,"stat.mineBlock.15":5,"stat.jump":166,"stat.craftItem.257":1,"stat.fallOneCm":1447,"achievement.mineWood":16,"achievement.exploreAllBiomes":{"value":0,"progress":["Roofed Forest","Plains"]},"stat.craftItem.320":10,"stat.useItem.257":15,"achievement.openInventory":6,"stat.craftItem.5":40,"stat.mineBlock.162":18,"stat.craftItem.280":20,"stat.damageTaken":300,"stat.mineBlock.3":1,"stat.mineBlock.1":98,"stat.mineBlock.61":1,"stat.mobKills":10,"stat.craftItem.272":1,"stat.craftItem.273":1,"stat.flyOneCm":11295,"stat.craftItem.58":1,"stat.craftItem.274":1,"stat.craftItem.275":1,"stat.deaths":1,"stat.drop":18,"stat.useItem.50":4,"stat.playOneMinute":23037,"stat.craftItem.50":28,"stat.useItem.4":1,"stat.craftItem.270":1,"stat.craftItem.271":1,"stat.damageDealt":1280,"stat.killEntity.Zombie":1,"stat.killEntity.Cow":3,"stat.killEntity.Pig":6,"stat.useItem.270":7,"stat.mineBlock.31":11,"stat.useItem.58":2,"stat.useItem.272":5,"stat.useItem.271":36}