{"stats":{"minecraft:custom":{"minecraft:jump":653,"minecraft:time_since_rest":50925,"minecraft:damage_taken":910,"minecraft:strider_one_cm":2747,"minecraft:crouch_one_cm":24986,"minecraft:leave_game":4,"minecraft:play_time":50925,"minecraft:sprint_one_cm":129819,"minecraft:time_since_death":50925,"minecraft:walk_on_water_one_cm":1100,"minecraft:walk_one_cm":92945,"minecraft:sneak_time":6827,"minecraft:climb_one_cm":7307,"minecraft:total_world_time":50925,"minecraft:walk_under_water_one_cm":293,"minecraft:swim_one_cm":1876,"minecraft:fall_one_cm":34084,"minecraft:fly_one_cm":154541}},"DataVersion":3465}