{"stat.useItem.61":4,"stat.craftItem.61":3,"stat.leaveGame":4,"stat.mineBlock.14":12,"stat.mineBlock.13":1,"stat.mineBlock.16":93,"stat.mineBlock.15":65,"stat.mineBlock.17":5,"stat.jump":625,"stat.swimOneCm":10843,"stat.fallOneCm":4887,"stat.climbOneCm":236,"achievement.buildWorkBench":4,"achievement.killCow":5,"achievement.exploreAllBiomes":{"value":0,"progress":["Roofed Forest","Plains","Taiga"]},"stat.useItem.295":21,"stat.craftItem.364":4,"stat.craftItem.5":76,"stat.damageTaken":10280,"stat.mineBlock.4":2,"stat.mineBlock.3":22,"stat.mineBlock.1":191,"stat.mineBlock.61":4,"stat.flyOneCm":43189,"stat.useItem.50":52,"achievement.buildPickaxe":6,"stat.damageDealt":11410,"achievement.buildBetterPickaxe":4,"stat.killEntity.Cow":9,"stat.killEntity.Pig":6,"stat.useItem.58":5,"stat.useItem.274":157,"stat.useItem.273":7,"stat.killEntity.Bat":1,"stat.useItem.275":7,"stat.walkOneCm":284379,"stat.craftItem.265":41,"stat.craftItem.267":1,"stat.craftItem.268":1,"stat.mineBlock.175":6,"stat.craftItem.258":1,"stat.mineBlock.58":4,"stat.craftItem.257":2,"achievement.buildSword":4,"achievement.mineWood":38,"stat.killEntity.Skeleton":4,"stat.craftItem.320":10,"stat.useItem.258":1,"stat.useItem.257":193,"stat.breakItem.274":1,"achievement.openInventory":32,"stat.killEntity.Chicken":2,"stat.mineBlock.162":35,"stat.craftItem.280":76,"stat.killEntity.Spider":2,"stat.mobKills":52,"achievement.killEnemy":2,"stat.craftItem.272":2,"stat.craftItem.273":2,"achievement.buildFurnace":2,"stat.craftItem.58":3,"stat.craftItem.274":2,"stat.useItem.6":2,"stat.craftItem.275":2,"stat.deaths":2,"stat.useItem.267":10,"stat.drop":59,"stat.craftItem.278":1,"stat.useItem.268":6,"stat.playOneMinute":60715,"stat.craftItem.50":76,"stat.killEntity.Sheep":2,"stat.useItem.4":27,"stat.craftItem.270":2,"stat.craftItem.271":2,"stat.useItem.3":1,"stat.killEntity.Zombie":25,"stat.useItem.270":18,"stat.craftItem.306":1,"stat.mineBlock.31":36,"stat.craftItem.307":1,"stat.useItem.272":142,"stat.craftItem.308":1,"stat.useItem.271":51,"stat.craftItem.309":1}