{"stats":{"minecraft:custom":{"minecraft:jump":2292,"minecraft:open_chest":2,"minecraft:time_since_rest":29233,"minecraft:minecart_one_cm":16946,"minecraft:deaths":15,"minecraft:damage_taken":8609,"minecraft:strider_one_cm":2747,"minecraft:crouch_one_cm":51809,"minecraft:leave_game":4,"minecraft:play_time":140925,"minecraft:sprint_one_cm":481768,"minecraft:time_since_death":29232,"minecraft:walk_on_water_one_cm":7870,"minecraft:walk_one_cm":247825,"minecraft:sneak_time":12451,"minecraft:climb_one_cm":14218,"minecraft:total_world_time":140925,"minecraft:walk_under_water_one_cm":4805,"minecraft:swim_one_cm":10877,"minecraft:fall_one_cm":176878,"minecraft:fly_one_cm":539465,"minecraft:aviate_one_cm":736900},"minecraft:used":{"minecraft:firework_rocket":60}},"DataVersion":3465}