{"stats":{"minecraft:custom":{"minecraft:jump":2200,"minecraft:time_since_rest":1145,"minecraft:damage_dealt":91,"minecraft:damage_taken":2216,"minecraft:leave_game":1,"minecraft:crouch_one_cm":16426,"minecraft:time_since_death":1142,"minecraft:play_time":66398,"minecraft:sprint_one_cm":463270,"minecraft:walk_one_cm":118341,"minecraft:walk_on_water_one_cm":633,"minecraft:deaths":88,"minecraft:sneak_time":4167,"minecraft:total_world_time":66398,"minecraft:climb_one_cm":2508,"minecraft:walk_under_water_one_cm":162,"minecraft:swim_one_cm":229,"minecraft:interact_with_lectern":2,"minecraft:fall_one_cm":47924,"minecraft:fly_one_cm":357266}},"DataVersion":3700}