{"stats":{"minecraft:custom":{"minecraft:jump":526,"minecraft:time_since_rest":38925,"minecraft:damage_taken":820,"minecraft:strider_one_cm":2747,"minecraft:crouch_one_cm":13928,"minecraft:leave_game":4,"minecraft:play_time":38925,"minecraft:sprint_one_cm":104993,"minecraft:time_since_death":38925,"minecraft:walk_on_water_one_cm":859,"minecraft:walk_one_cm":67732,"minecraft:sneak_time":3504,"minecraft:climb_one_cm":5411,"minecraft:total_world_time":38925,"minecraft:walk_under_water_one_cm":109,"minecraft:swim_one_cm":971,"minecraft:fall_one_cm":22561,"minecraft:fly_one_cm":127268}},"DataVersion":3465}