{"stat.flyOneCm":508,"stat.craftItem.58":1,"stat.walkOneCm":13546,"stat.jump":27,"stat.playOneMinute":11555,"achievement.openInventory":1,"stat.craftItem.5":36,"stat.mineBlock.162":15,"stat.craftItem.280":4,"stat.leaveGame":1,"stat.craftItem.270":1,"stat.craftItem.271":1,"stat.damageDealt":220,"stat.mineBlock.175":4,"achievement.mineWood":12,"stat.killEntity.Cow":1,"stat.mobKills":2,"stat.killEntity.Pig":1,"achievement.exploreAllBiomes":{"value":0,"progress":["Plains"]},"stat.mineBlock.31":6,"stat.useItem.58":1,"stat.useItem.271":15}