{"stat.useItem.61":1,"stat.craftItem.61":1,"stat.leaveGame":2,"stat.mineBlock.14":12,"stat.mineBlock.13":1,"stat.mineBlock.16":45,"stat.mineBlock.15":34,"stat.jump":326,"stat.swimOneCm":7553,"stat.fallOneCm":2138,"achievement.exploreAllBiomes":{"value":0,"progress":["Roofed Forest","Plains","Taiga"]},"stat.craftItem.5":40,"stat.damageTaken":1390,"stat.mineBlock.4":1,"stat.mineBlock.3":1,"stat.mineBlock.1":153,"stat.mineBlock.61":1,"stat.flyOneCm":20664,"stat.useItem.50":42,"stat.damageDealt":6250,"stat.killEntity.Cow":3,"stat.killEntity.Pig":6,"stat.useItem.58":2,"stat.useItem.274":132,"stat.killEntity.Bat":1,"stat.useItem.275":1,"stat.walkOneCm":157861,"stat.craftItem.265":5,"stat.mineBlock.175":4,"stat.mineBlock.58":2,"stat.craftItem.257":1,"achievement.mineWood":16,"stat.killEntity.Skeleton":2,"stat.craftItem.320":10,"stat.useItem.257":99,"stat.breakItem.274":1,"achievement.openInventory":11,"stat.mineBlock.162":18,"stat.craftItem.280":24,"stat.killEntity.Spider":1,"stat.mobKills":29,"stat.craftItem.272":1,"stat.craftItem.273":1,"stat.craftItem.58":1,"stat.craftItem.274":1,"stat.craftItem.275":1,"stat.deaths":1,"stat.drop":18,"stat.playOneMinute":34426,"stat.craftItem.50":44,"stat.useItem.4":22,"stat.craftItem.270":1,"stat.craftItem.271":1,"stat.killEntity.Zombie":15,"stat.useItem.270":15,"stat.mineBlock.31":11,"stat.useItem.272":78,"stat.useItem.271":36}