{"stats":{"minecraft:custom":{"minecraft:jump":4803,"minecraft:open_chest":1,"minecraft:time_since_rest":46958,"minecraft:damage_dealt":160,"minecraft:damage_taken":7624,"minecraft:leave_game":2,"minecraft:crouch_one_cm":53017,"minecraft:play_time":156096,"minecraft:time_since_death":46955,"minecraft:sprint_one_cm":772882,"minecraft:walk_one_cm":289092,"minecraft:walk_on_water_one_cm":1130,"minecraft:deaths":93,"minecraft:sneak_time":11629,"minecraft:total_world_time":156096,"minecraft:climb_one_cm":13212,"minecraft:walk_under_water_one_cm":175,"minecraft:talked_to_villager":3,"minecraft:swim_one_cm":229,"minecraft:interact_with_lectern":2,"minecraft:fall_one_cm":202856,"minecraft:fly_one_cm":859866}},"DataVersion":3700}