{"stats":{"minecraft:custom":{"minecraft:jump":999,"minecraft:time_since_rest":11211,"minecraft:deaths":7,"minecraft:damage_taken":3250,"minecraft:strider_one_cm":2747,"minecraft:crouch_one_cm":34673,"minecraft:leave_game":4,"minecraft:play_time":68925,"minecraft:sprint_one_cm":216239,"minecraft:time_since_death":11207,"minecraft:walk_on_water_one_cm":1100,"minecraft:walk_one_cm":129254,"minecraft:sneak_time":8847,"minecraft:climb_one_cm":9742,"minecraft:total_world_time":68925,"minecraft:walk_under_water_one_cm":293,"minecraft:swim_one_cm":1876,"minecraft:fall_one_cm":86375,"minecraft:fly_one_cm":249889}},"DataVersion":3465}