{"stats":{"minecraft:used":{"minecraft:carrot_on_a_stick":9,"minecraft:stone_axe":1,"minecraft:warped_fungus_on_a_stick":2},"minecraft:custom":{"minecraft:jump":143,"minecraft:open_chest":3,"minecraft:time_since_rest":21105,"minecraft:crouch_one_cm":1125,"minecraft:leave_game":1,"minecraft:sprint_one_cm":31048,"minecraft:play_time":21105,"minecraft:walk_on_water_one_cm":76,"minecraft:time_since_death":21105,"minecraft:walk_one_cm":71706,"minecraft:sneak_time":281,"minecraft:total_world_time":21105,"minecraft:fall_one_cm":269,"minecraft:fly_one_cm":37390}},"DataVersion":3465}