{"stat.useItem.351":14,"stat.useItem.355":1,"stat.craftItem.61":4,"stat.leaveGame":6,"stat.mineBlock.134":5,"stat.mineBlock.14":12,"stat.mineBlock.13":1,"stat.mineBlock.16":211,"stat.mineBlock.15":95,"stat.mineBlock.18":14,"stat.mineBlock.17":80,"stat.swimOneCm":14545,"stat.useItem.126":92,"stat.climbOneCm":236,"achievement.buildWorkBench":6,"stat.craftItem.325":2,"achievement.exploreAllBiomes":{"value":0,"progress":["Roofed Forest","Birch Forest","Plains","Taiga"]},"stat.mineBlock.12":22,"stat.craftItem.364":13,"stat.craftItem.366":2,"stat.useItem.338":14,"stat.mineBlock.4":7,"stat.mineBlock.5":10,"stat.mineBlock.3":292,"stat.mineBlock.1":256,"stat.flyOneCm":137593,"stat.craftItem.351":18,"achievement.buildPickaxe":6,"stat.craftItem.355":1,"achievement.buildBetterPickaxe":4,"stat.mineBlock.126":22,"stat.killEntity.Bat":1,"stat.mineBlock.175":7,"achievement.buildSword":6,"achievement.mineWood":112,"stat.craftItem.320":10,"stat.breakItem.274":1,"achievement.openInventory":172,"stat.breakItem.273":1,"stat.mineBlock.162":35,"achievement.killEnemy":8,"achievement.buildFurnace":4,"stat.craftItem.58":4,"stat.deaths":2,"stat.drop":64,"stat.playOneMinute":123027,"stat.craftItem.50":132,"stat.killEntity.Sheep":5,"stat.craftItem.54":1,"stat.killEntity.Zombie":25,"stat.craftItem.306":1,"stat.craftItem.307":1,"stat.craftItem.308":2,"stat.craftItem.309":2,"stat.useItem.61":8,"achievement.buildHoe":2,"stat.jump":1287,"stat.fallOneCm":21965,"stat.craftItem.291":1,"achievement.killCow":7,"stat.useItem.295":87,"stat.craftItem.5":424,"stat.damageTaken":10690,"stat.mineBlock.61":6,"stat.useItem.54":1,"stat.useItem.50":109,"stat.damageDealt":13745,"stat.killEntity.Cow":13,"stat.killEntity.Pig":6,"stat.useItem.58":8,"stat.useItem.274":157,"stat.useItem.273":146,"stat.useItem.275":7,"stat.walkOneCm":744884,"stat.craftItem.265":91,"stat.craftItem.267":2,"stat.craftItem.268":1,"stat.craftItem.258":2,"stat.mineBlock.58":6,"stat.craftItem.134":36,"stat.craftItem.256":1,"stat.craftItem.257":2,"stat.craftItem.126":102,"stat.mineBlock.50":1,"stat.useItem.291":37,"stat.killEntity.Skeleton":8,"stat.useItem.256":163,"stat.useItem.134":21,"stat.useItem.258":128,"stat.useItem.257":413,"stat.killEntity.Chicken":2,"stat.craftItem.280":80,"stat.killEntity.Spider":4,"stat.mobKills":65,"stat.craftItem.272":2,"stat.craftItem.273":2,"stat.craftItem.274":2,"stat.useItem.6":6,"stat.craftItem.275":2,"stat.useItem.12":20,"stat.useItem.267":40,"achievement.acquireIron":32,"stat.craftItem.278":1,"stat.useItem.268":6,"stat.useItem.4":52,"stat.useItem.5":204,"stat.craftItem.270":2,"stat.craftItem.271":2,"stat.useItem.3":82,"stat.useItem.270":18,"stat.useItem.391":28,"stat.mineBlock.31":215,"stat.useItem.272":146,"stat.useItem.271":51}