{"stats":{"minecraft:custom":{"minecraft:jump":2192,"minecraft:time_since_rest":854,"minecraft:leave_game":1,"minecraft:deaths":88,"minecraft:damage_dealt":91,"minecraft:crouch_one_cm":16146,"minecraft:damage_taken":2216,"minecraft:sprint_one_cm":461053,"minecraft:play_time":66107,"minecraft:walk_on_water_one_cm":633,"minecraft:time_since_death":851,"minecraft:walk_one_cm":117888,"minecraft:sneak_time":4108,"minecraft:climb_one_cm":2508,"minecraft:total_world_time":66107,"minecraft:walk_under_water_one_cm":162,"minecraft:swim_one_cm":229,"minecraft:interact_with_lectern":2,"minecraft:fall_one_cm":47715,"minecraft:fly_one_cm":356847}},"DataVersion":3700}