{"stat.useItem.61":4,"stat.craftItem.61":3,"stat.leaveGame":3,"stat.mineBlock.14":12,"stat.mineBlock.13":1,"stat.mineBlock.16":84,"stat.mineBlock.15":45,"stat.mineBlock.17":5,"stat.jump":553,"stat.swimOneCm":10652,"stat.fallOneCm":3563,"stat.climbOneCm":236,"achievement.buildWorkBench":4,"achievement.killCow":2,"achievement.exploreAllBiomes":{"value":0,"progress":["Roofed Forest","Plains","Taiga"]},"stat.useItem.295":21,"stat.craftItem.364":2,"stat.craftItem.5":76,"stat.damageTaken":9305,"stat.mineBlock.4":2,"stat.mineBlock.3":15,"stat.mineBlock.1":185,"stat.mineBlock.61":3,"stat.flyOneCm":31500,"stat.useItem.50":49,"achievement.buildPickaxe":6,"stat.damageDealt":10610,"achievement.buildBetterPickaxe":4,"stat.killEntity.Cow":6,"stat.killEntity.Pig":6,"stat.useItem.58":5,"stat.useItem.274":146,"stat.killEntity.Bat":1,"stat.useItem.275":7,"stat.walkOneCm":247018,"stat.craftItem.265":41,"stat.craftItem.267":1,"stat.craftItem.268":1,"stat.mineBlock.175":6,"stat.craftItem.258":1,"stat.mineBlock.58":4,"stat.craftItem.257":2,"achievement.buildSword":4,"achievement.mineWood":38,"stat.killEntity.Skeleton":4,"stat.craftItem.320":10,"stat.useItem.258":1,"stat.useItem.257":167,"stat.breakItem.274":1,"achievement.openInventory":27,"stat.mineBlock.162":35,"stat.craftItem.280":76,"stat.killEntity.Spider":2,"stat.mobKills":46,"achievement.killEnemy":1,"stat.craftItem.272":2,"stat.craftItem.273":2,"achievement.buildFurnace":2,"stat.craftItem.58":3,"stat.craftItem.274":2,"stat.useItem.6":2,"stat.craftItem.275":2,"stat.deaths":2,"stat.useItem.267":10,"stat.drop":57,"stat.craftItem.278":1,"stat.useItem.268":6,"stat.playOneMinute":51997,"stat.craftItem.50":72,"stat.killEntity.Sheep":2,"stat.useItem.4":27,"stat.craftItem.270":2,"stat.craftItem.271":2,"stat.killEntity.Zombie":24,"stat.useItem.270":18,"stat.craftItem.306":1,"stat.mineBlock.31":23,"stat.craftItem.307":1,"stat.useItem.272":119,"stat.craftItem.308":1,"stat.useItem.271":51,"stat.craftItem.309":1}