{"stat.useItem.61":6,"stat.craftItem.61":4,"stat.leaveGame":4,"stat.mineBlock.14":12,"stat.mineBlock.13":1,"stat.mineBlock.16":136,"stat.mineBlock.15":76,"stat.mineBlock.17":5,"stat.jump":829,"stat.swimOneCm":10843,"stat.fallOneCm":9629,"stat.climbOneCm":236,"achievement.buildWorkBench":4,"achievement.killCow":7,"stat.craftItem.325":2,"achievement.exploreAllBiomes":{"value":0,"progress":["Roofed Forest","Birch Forest","Plains","Taiga"]},"stat.useItem.295":21,"stat.craftItem.364":8,"stat.craftItem.366":2,"stat.craftItem.5":84,"stat.damageTaken":10340,"stat.mineBlock.4":2,"stat.mineBlock.3":32,"stat.mineBlock.1":205,"stat.mineBlock.61":6,"stat.flyOneCm":73372,"stat.useItem.50":63,"achievement.buildPickaxe":6,"stat.craftItem.355":1,"stat.damageDealt":12765,"achievement.buildBetterPickaxe":4,"stat.killEntity.Cow":13,"stat.killEntity.Pig":6,"stat.useItem.58":7,"stat.useItem.274":157,"stat.useItem.273":26,"stat.killEntity.Bat":1,"stat.useItem.275":7,"stat.walkOneCm":359358,"stat.craftItem.265":72,"stat.craftItem.267":2,"stat.craftItem.268":1,"stat.mineBlock.175":6,"stat.craftItem.258":2,"stat.mineBlock.58":6,"stat.craftItem.257":2,"achievement.buildSword":6,"achievement.mineWood":38,"stat.craftItem.126":6,"stat.killEntity.Skeleton":4,"stat.craftItem.320":10,"stat.useItem.258":3,"stat.useItem.257":263,"stat.breakItem.274":1,"achievement.openInventory":48,"stat.killEntity.Chicken":2,"stat.mineBlock.162":35,"stat.craftItem.280":76,"stat.killEntity.Spider":4,"stat.mobKills":61,"achievement.killEnemy":4,"stat.craftItem.272":2,"stat.craftItem.273":2,"achievement.buildFurnace":4,"stat.craftItem.58":3,"stat.craftItem.274":2,"stat.useItem.6":2,"stat.craftItem.275":2,"stat.deaths":2,"stat.useItem.267":27,"achievement.acquireIron":26,"stat.drop":60,"stat.craftItem.278":1,"stat.useItem.268":6,"stat.playOneMinute":73311,"stat.craftItem.50":108,"stat.killEntity.Sheep":5,"stat.useItem.4":27,"stat.craftItem.270":2,"stat.craftItem.271":2,"stat.useItem.3":24,"stat.killEntity.Zombie":25,"stat.useItem.270":18,"stat.craftItem.306":1,"stat.mineBlock.31":140,"stat.craftItem.307":1,"stat.useItem.272":146,"stat.craftItem.308":2,"stat.useItem.271":51,"stat.craftItem.309":2}