{"stat.useItem.61":3,"stat.craftItem.61":2,"stat.leaveGame":3,"stat.mineBlock.14":12,"stat.mineBlock.13":1,"stat.mineBlock.16":84,"stat.mineBlock.15":45,"stat.jump":435,"stat.swimOneCm":10652,"stat.fallOneCm":2730,"achievement.exploreAllBiomes":{"value":0,"progress":["Roofed Forest","Plains","Taiga"]},"stat.craftItem.5":40,"stat.damageTaken":8900,"stat.mineBlock.4":2,"stat.mineBlock.3":1,"stat.mineBlock.1":168,"stat.mineBlock.61":3,"stat.flyOneCm":24480,"stat.useItem.50":49,"stat.damageDealt":8920,"stat.killEntity.Cow":3,"stat.killEntity.Pig":6,"stat.useItem.58":3,"stat.useItem.274":132,"stat.killEntity.Bat":1,"stat.useItem.275":1,"stat.walkOneCm":196549,"stat.craftItem.265":41,"stat.craftItem.267":1,"stat.mineBlock.175":4,"stat.craftItem.258":1,"stat.mineBlock.58":3,"stat.craftItem.257":2,"achievement.mineWood":16,"stat.killEntity.Skeleton":3,"stat.craftItem.320":10,"stat.useItem.258":1,"stat.useItem.257":167,"stat.breakItem.274":1,"achievement.openInventory":22,"stat.mineBlock.162":18,"stat.craftItem.280":36,"stat.killEntity.Spider":2,"stat.mobKills":38,"stat.craftItem.272":1,"stat.craftItem.273":1,"stat.craftItem.58":1,"stat.craftItem.274":1,"stat.craftItem.275":1,"stat.deaths":2,"stat.useItem.267":10,"stat.drop":54,"stat.playOneMinute":43298,"stat.craftItem.50":72,"stat.useItem.4":27,"stat.craftItem.270":1,"stat.craftItem.271":1,"stat.killEntity.Zombie":22,"stat.useItem.270":15,"stat.craftItem.306":1,"stat.mineBlock.31":11,"stat.craftItem.307":1,"stat.useItem.272":103,"stat.craftItem.308":1,"stat.useItem.271":36,"stat.craftItem.309":1}