{"stats":{"minecraft:custom":{"minecraft:jump":2095,"minecraft:open_chest":2,"minecraft:time_since_rest":5233,"minecraft:minecart_one_cm":16946,"minecraft:deaths":15,"minecraft:damage_taken":7570,"minecraft:strider_one_cm":2747,"minecraft:crouch_one_cm":47913,"minecraft:leave_game":4,"minecraft:play_time":116925,"minecraft:sprint_one_cm":435554,"minecraft:time_since_death":5232,"minecraft:walk_on_water_one_cm":5942,"minecraft:walk_one_cm":210635,"minecraft:sneak_time":11722,"minecraft:climb_one_cm":14058,"minecraft:total_world_time":116925,"minecraft:walk_under_water_one_cm":3984,"minecraft:swim_one_cm":7591,"minecraft:fall_one_cm":170391,"minecraft:fly_one_cm":491993,"minecraft:aviate_one_cm":364825},"minecraft:used":{"minecraft:firework_rocket":20}},"DataVersion":3465}