{"stats":{"minecraft:custom":{"minecraft:jump":1229,"minecraft:time_since_rest":942,"minecraft:deaths":10,"minecraft:damage_taken":4750,"minecraft:strider_one_cm":2747,"minecraft:crouch_one_cm":38166,"minecraft:leave_game":4,"minecraft:play_time":80925,"minecraft:sprint_one_cm":269973,"minecraft:time_since_death":939,"minecraft:walk_on_water_one_cm":1436,"minecraft:walk_one_cm":144777,"minecraft:sneak_time":9487,"minecraft:climb_one_cm":10073,"minecraft:total_world_time":80925,"minecraft:walk_under_water_one_cm":746,"minecraft:swim_one_cm":1876,"minecraft:fall_one_cm":118561,"minecraft:fly_one_cm":312889}},"DataVersion":3465}