{"stat.useItem.274":16,"stat.killEntity.Skeleton":1,"stat.useItem.275":8,"stat.walkOneCm":381464,"stat.useItem.355":1,"achievement.openInventory":17,"stat.killEntity.Chicken":4,"stat.damageTaken":455,"stat.mineBlock.5":1,"stat.mineBlock.175":2,"stat.mineBlock.3":2,"stat.mineBlock.1":12,"stat.mobKills":42,"stat.mineBlock.58":3,"stat.flyOneCm":116261,"stat.craftItem.298":1,"stat.drop":2,"stat.jump":913,"stat.swimOneCm":3572,"stat.craftItem.355":1,"stat.useItem.323":7,"stat.playOneMinute":102430,"stat.fallOneCm":24542,"stat.killEntity.Sheep":8,"stat.useItem.5":3,"stat.useItem.3":2,"stat.killEntity.Villager":1,"stat.damageDealt":6290,"stat.killEntity.Zombie":7,"stat.killEntity.Cow":21,"achievement.exploreAllBiomes":{"value":0,"progress":["Plains","Taiga"]},"stat.useItem.391":36,"stat.useItem.35":1,"stat.mineBlock.31":42,"stat.diveOneCm":272,"stat.useItem.58":2,"stat.useItem.291":9,"stat.useItem.272":157}