{"stat.useItem.274":4,"stat.killEntity.Skeleton":1,"stat.useItem.275":7,"stat.walkOneCm":289492,"stat.useItem.355":1,"achievement.openInventory":10,"stat.killEntity.Chicken":4,"stat.damageTaken":395,"stat.mineBlock.175":2,"stat.mineBlock.3":2,"stat.mobKills":42,"stat.mineBlock.58":3,"stat.flyOneCm":71820,"stat.drop":2,"stat.jump":559,"stat.swimOneCm":2385,"stat.craftItem.355":1,"stat.useItem.323":7,"stat.playOneMinute":90731,"stat.fallOneCm":13996,"stat.killEntity.Sheep":8,"stat.useItem.3":2,"stat.killEntity.Villager":1,"stat.damageDealt":6290,"stat.killEntity.Zombie":7,"stat.killEntity.Cow":21,"achievement.exploreAllBiomes":{"value":0,"progress":["Plains","Taiga"]},"stat.useItem.391":27,"stat.mineBlock.31":42,"stat.diveOneCm":272,"stat.useItem.58":2,"stat.useItem.272":157}