{"stat.useItem.274":86,"stat.killEntity.Skeleton":2,"stat.useItem.275":24,"stat.walkOneCm":468952,"stat.useItem.355":1,"achievement.openInventory":24,"stat.killEntity.Chicken":4,"stat.damageTaken":775,"stat.killEntity.Spider":3,"stat.mineBlock.5":1,"stat.mineBlock.175":2,"stat.mineBlock.3":2,"stat.mineBlock.1":48,"stat.mobKills":46,"stat.mineBlock.58":3,"stat.flyOneCm":140816,"stat.mineBlock.16":34,"stat.craftItem.298":1,"stat.drop":2,"stat.jump":1135,"stat.swimOneCm":5223,"stat.craftItem.355":1,"stat.useItem.323":9,"stat.playOneMinute":115017,"stat.fallOneCm":28482,"stat.killEntity.Sheep":8,"stat.useItem.5":5,"stat.useItem.3":2,"stat.killEntity.Villager":1,"stat.damageDealt":7065,"stat.killEntity.Zombie":7,"stat.killEntity.Cow":21,"achievement.exploreAllBiomes":{"value":0,"progress":["Plains","Taiga"]},"stat.useItem.391":36,"stat.useItem.35":1,"stat.mineBlock.31":43,"stat.diveOneCm":272,"stat.useItem.58":2,"stat.useItem.291":9,"stat.useItem.272":157}