{"stat.useItem.355":1,"stat.leaveGame":1,"stat.mineBlock.13":2,"stat.mineBlock.16":38,"stat.craftItem.298":1,"stat.mineBlock.18":15,"stat.mineBlock.17":130,"stat.jump":2164,"stat.swimOneCm":17557,"stat.fallOneCm":53565,"stat.climbOneCm":704,"achievement.exploreAllBiomes":{"value":0,"progress":["ForestHills","Plains","Taiga"]},"stat.craftItem.364":38,"stat.craftItem.366":1,"stat.craftItem.5":48,"stat.damageTaken":3025,"stat.mineBlock.5":6,"stat.mineBlock.3":2,"stat.mineBlock.1":48,"stat.useItem.54":2,"stat.flyOneCm":291773,"stat.craftItem.355":1,"stat.killEntity.Villager":1,"stat.damageDealt":12555,"stat.killEntity.Cow":26,"stat.useItem.58":3,"stat.useItem.274":91,"stat.craftItem.261":1,"stat.useItem.275":212,"stat.walkOneCm":780283,"stat.craftItem.267":1,"stat.playerKills":1,"stat.mineBlock.175":2,"stat.mineBlock.58":4,"stat.useItem.323":11,"achievement.mineWood":129,"stat.killEntity.Squid":1,"stat.mineBlock.50":1,"stat.useItem.35":1,"stat.useItem.291":9,"stat.killEntity.Skeleton":6,"achievement.openInventory":56,"stat.breakItem.275":1,"stat.killEntity.Chicken":4,"stat.craftItem.280":28,"stat.killEntity.Spider":9,"stat.mobKills":72,"stat.craftItem.274":1,"stat.craftItem.275":1,"stat.deaths":1,"stat.useItem.267":69,"stat.drop":41,"stat.playOneMinute":161482,"stat.killEntity.Sheep":8,"stat.useItem.4":12,"stat.useItem.5":5,"stat.craftItem.54":2,"stat.useItem.3":2,"stat.killEntity.Zombie":15,"stat.useItem.391":37,"stat.mineBlock.31":85,"stat.diveOneCm":1197,"stat.useItem.272":180,"stat.craftItem.309":1}