{"stat.mineBlock.58":1,"stat.flyOneCm":31391,"stat.useItem.275":1,"stat.walkOneCm":177999,"stat.jump":222,"stat.swimOneCm":231,"stat.useItem.323":7,"stat.playOneMinute":78130,"achievement.openInventory":5,"stat.fallOneCm":6682,"stat.killEntity.Sheep":8,"stat.killEntity.Chicken":4,"stat.damageTaken":60,"stat.damageDealt":3840,"stat.mineBlock.175":2,"stat.killEntity.Cow":20,"stat.mobKills":32,"achievement.exploreAllBiomes":{"value":0,"progress":["Plains","Taiga"]},"stat.mineBlock.31":41,"stat.useItem.272":109}