{"stat.useItem.274":86,"stat.killEntity.Skeleton":2,"stat.useItem.275":37,"stat.walkOneCm":503327,"stat.useItem.355":1,"stat.playerKills":1,"achievement.openInventory":29,"stat.killEntity.Chicken":4,"stat.damageTaken":895,"stat.killEntity.Spider":4,"stat.mineBlock.5":6,"stat.mineBlock.175":2,"stat.mineBlock.3":2,"stat.mineBlock.1":48,"stat.mobKills":47,"stat.mineBlock.58":4,"stat.flyOneCm":155377,"stat.mineBlock.16":34,"stat.craftItem.298":1,"stat.drop":4,"stat.jump":1280,"stat.swimOneCm":14375,"stat.craftItem.355":1,"stat.useItem.323":9,"stat.playOneMinute":120978,"stat.fallOneCm":30745,"stat.climbOneCm":704,"stat.killEntity.Sheep":8,"stat.useItem.5":5,"stat.useItem.3":2,"stat.killEntity.Villager":1,"stat.damageDealt":7440,"stat.killEntity.Zombie":7,"stat.killEntity.Cow":21,"achievement.exploreAllBiomes":{"value":0,"progress":["Plains","Taiga"]},"stat.useItem.391":36,"stat.useItem.35":1,"stat.mineBlock.31":43,"stat.diveOneCm":941,"stat.useItem.58":3,"stat.useItem.291":9,"stat.useItem.272":157}