{"stats":{"minecraft:killed_by":{"minecraft:player":1},"minecraft:picked_up":{"minecraft:prismarine_stairs":1,"minecraft:wheat":167,"minecraft:flower_pot":2,"minecraft:redstone_block":29,"minecraft:iron_trapdoor":1,"minecraft:anvil":3,"minecraft:stone_slab":5,"minecraft:diamond_sword":10,"minecraft:oak_stairs":1,"minecraft:potion":1,"minecraft:enchanted_book":19,"minecraft:stone_brick_stairs":3,"minecraft:blue_concrete":4,"minecraft:golden_sword":2,"minecraft:polished_deepslate":1,"minecraft:dark_oak_pressure_plate":5,"minecraft:string":1,"minecraft:ocelot_spawn_egg":5,"minecraft:red_nether_bricks":1,"minecraft:oak_sign":62,"minecraft:deepslate_tiles":9,"minecraft:red_sand":3,"minecraft:cobbled_deepslate":2,"minecraft:spruce_planks":9,"minecraft:cobblestone_slab":1,"minecraft:redstone_torch":29,"minecraft:written_book":4,"minecraft:calcite":6,"minecraft:smooth_quartz":2,"minecraft:coal_block":2,"minecraft:crimson_sign":2,"minecraft:tipped_arrow":55,"minecraft:stick":42,"minecraft:crimson_pressure_plate":48,"minecraft:oak_fence":9,"minecraft:torch":42,"minecraft:spruce_stairs":7,"minecraft:villager_spawn_egg":2,"minecraft:pointed_dripstone":1,"minecraft:music_disc_pigstep":1,"minecraft:deepslate_tile_stairs":2,"minecraft:quartz_block":107,"minecraft:rotten_flesh":2,"minecraft:cactus":11,"minecraft:command_block":20,"minecraft:mangrove_stairs":3,"minecraft:light_blue_wool":5,"minecraft:brown_shulker_box":1,"minecraft:iron_block":4,"minecraft:glowstone":14,"minecraft:end_rod":2,"minecraft:mangrove_door":10,"minecraft:iron_bars":15,"minecraft:cobblestone":25,"minecraft:barrier":16,"minecraft:polished_diorite_slab":10,"minecraft:repeater":160,"minecraft:iron_door":129,"minecraft:water_bucket":45,"minecraft:chiseled_quartz_block":2,"minecraft:mud_brick_stairs":10,"minecraft:tuff":2,"minecraft:prismarine_bricks":1,"minecraft:gray_concrete":2,"minecraft:mangrove_slab":14,"minecraft:dirt":1656,"minecraft:lantern":153,"minecraft:mangrove_fence":10,"minecraft:glass":5,"minecraft:acacia_planks":1,"minecraft:wheat_seeds":821,"minecraft:orange_tulip":8,"minecraft:dark_oak_sign":12,"minecraft:mossy_stone_bricks":4,"minecraft:rabbit":2,"minecraft:llama_spawn_egg":1,"minecraft:bamboo":1,"minecraft:moss_block":1,"minecraft:oak_planks":7,"minecraft:lime_terracotta":4,"minecraft:oak_pressure_plate":5,"minecraft:sand":1,"minecraft:nether_brick_stairs":8,"minecraft:dead_bush":2,"minecraft:grass_block":40,"minecraft:oxidized_cut_copper_slab":1,"minecraft:mossy_cobblestone":2,"minecraft:orange_wool":6,"minecraft:jungle_leaves":7,"minecraft:quartz_bricks":4,"minecraft:light_gray_concrete":4,"minecraft:yellow_carpet":13,"minecraft:light_blue_terracotta":2,"minecraft:deepslate":1,"minecraft:black_concrete":2,"minecraft:slime_block":14,"minecraft:soul_lantern":2,"minecraft:lever":8,"minecraft:writable_book":2,"minecraft:blue_ice":7,"minecraft:bone_meal":30,"minecraft:white_concrete":11,"minecraft:spruce_button":3,"minecraft:spruce_sign":15,"minecraft:rooted_dirt":1,"minecraft:oak_sapling":32,"minecraft:netherrack":1,"minecraft:dark_oak_fence":6,"minecraft:bricks":5,"minecraft:oak_leaves":6,"minecraft:spruce_leaves":3,"minecraft:mud_brick_slab":1,"minecraft:bee_nest":8,"minecraft:azure_bluet":5,"minecraft:ladder":60,"minecraft:redstone_lamp":1,"minecraft:leather_leggings":4,"minecraft:packed_ice":3,"minecraft:stone_brick_wall":3,"minecraft:gold_block":4,"minecraft:chain":28,"minecraft:cornflower":15,"minecraft:oak_trapdoor":1,"minecraft:red_bed":6,"minecraft:moss_carpet":1,"minecraft:orange_concrete":1,"minecraft:acacia_door":35,"minecraft:flint_and_steel":1,"minecraft:snow":3,"minecraft:item_frame":9,"minecraft:quartz_slab":7,"minecraft:birch_fence":1,"minecraft:warped_fence":1,"minecraft:magenta_wool":6,"minecraft:glass_pane":7,"minecraft:jungle_sapling":4,"minecraft:birch_sapling":3,"minecraft:poppy":9,"minecraft:spruce_slab":4,"minecraft:lectern":4,"minecraft:tinted_glass":1,"minecraft:chest":2,"minecraft:quartz_stairs":8,"minecraft:spruce_trapdoor":11,"minecraft:dark_oak_sapling":1,"minecraft:lime_wool":13,"minecraft:black_stained_glass":1,"minecraft:sandstone":5,"minecraft:stone":20,"minecraft:glow_item_frame":2,"minecraft:spruce_fence":1,"minecraft:note_block":6,"minecraft:quartz_pillar":5,"minecraft:stone_button":20,"minecraft:mangrove_sign":7,"minecraft:trident":3,"minecraft:redstone":474,"minecraft:stone_pressure_plate":11,"minecraft:dark_oak_planks":5,"minecraft:tnt":3,"minecraft:repeating_command_block":69,"minecraft:light_blue_stained_glass_pane":5,"minecraft:deepslate_bricks":4,"minecraft:warped_sign":16,"minecraft:mutton":3,"minecraft:white_wool":4,"minecraft:soul_campfire":1,"minecraft:oxeye_daisy":5,"minecraft:yellow_shulker_box":12,"minecraft:cut_sandstone":5,"minecraft:leather":17,"minecraft:birch_planks":1,"minecraft:ice":1,"minecraft:oak_log":4,"minecraft:cobblestone_wall":5,"minecraft:cobblestone_stairs":1,"minecraft:paper":3,"minecraft:white_banner":14,"minecraft:red_carpet":33,"minecraft:apple":9,"minecraft:stone_bricks":6,"minecraft:acacia_trapdoor":5,"minecraft:rabbit_hide":2,"minecraft:oak_fence_gate":1,"minecraft:tall_grass":9,"minecraft:prismarine_brick_slab":1,"minecraft:mangrove_planks":5,"minecraft:flowering_azalea":27,"minecraft:oxidized_cut_copper":1,"minecraft:dark_oak_stairs":1,"minecraft:dark_oak_slab":9,"minecraft:oak_slab":7,"minecraft:chain_command_block":4,"minecraft:smooth_basalt":1,"minecraft:stone_brick_slab":9,"minecraft:red_wool":1,"minecraft:dandelion":67,"minecraft:dripstone_block":7,"minecraft:lava_bucket":4,"minecraft:spruce_sapling":27,"minecraft:soul_torch":7,"minecraft:red_banner":7,"minecraft:mud_brick_wall":2,"minecraft:spruce_log":6,"minecraft:sea_lantern":3,"minecraft:spruce_door":7,"minecraft:infested_stone_bricks":1,"minecraft:mangrove_leaves":3,"minecraft:diamond_shovel":1,"minecraft:red_stained_glass":2,"minecraft:prismarine_wall":1,"minecraft:polished_diorite":1,"minecraft:honey_block":1,"minecraft:short_grass":7,"minecraft:painting":4,"minecraft:birch_sign":20,"minecraft:warped_roots":3,"minecraft:oak_button":3,"minecraft:terracotta":54,"minecraft:smooth_quartz_slab":32},"minecraft:used":{"minecraft:moss_block":54,"minecraft:moss_carpet":38,"minecraft:writable_book":177,"minecraft:light_blue_stained_glass_pane":50,"minecraft:nether_brick_fence":89,"minecraft:blue_terracotta":29,"minecraft:red_sand":687,"minecraft:polished_deepslate":319,"minecraft:bone_block":3,"minecraft:smooth_quartz_slab":1779,"minecraft:dispenser":9,"minecraft:ladder":621,"minecraft:spruce_slab":2731,"minecraft:diamond_hoe":6,"minecraft:poppy":6,"minecraft:oak_sign":572,"minecraft:polished_basalt":51,"minecraft:chest":9,"minecraft:brown_concrete":2,"minecraft:white_terracotta":141,"minecraft:stone":31280,"minecraft:quartz_stairs":2595,"minecraft:mossy_stone_brick_slab":164,"minecraft:player_head":8,"minecraft:red_nether_brick_stairs":163,"minecraft:warped_sign":17,"minecraft:bell":1,"minecraft:smooth_sandstone_stairs":8,"minecraft:green_terracotta":92,"minecraft:iron_chestplate":1,"minecraft:soul_campfire":9,"minecraft:spruce_leaves":621,"minecraft:oxidized_cut_copper":64,"minecraft:birch_pressure_plate":16,"minecraft:lily_of_the_valley":1,"minecraft:cut_copper":90,"minecraft:blue_stained_glass":97,"minecraft:deepslate_tile_slab":1,"minecraft:brick_slab":217,"minecraft:nether_bricks":1572,"minecraft:pink_terracotta":10,"minecraft:prismarine_brick_stairs":34,"minecraft:jungle_slab":39,"minecraft:allium":1,"minecraft:orange_wool":197,"minecraft:tuff":165,"minecraft:beehive":17,"minecraft:azure_bluet":1,"minecraft:polished_deepslate_stairs":98,"minecraft:spruce_boat":2,"minecraft:jungle_sapling":174,"minecraft:polished_blackstone_slab":76,"minecraft:glass":767,"minecraft:packed_ice":5916,"minecraft:mangrove_stairs":454,"minecraft:coal_ore":8,"minecraft:honey_block":9,"minecraft:villager_spawn_egg":8,"minecraft:cyan_terracotta":28,"minecraft:lava_bucket":650,"minecraft:mangrove_log":384,"minecraft:bricks":928,"minecraft:black_stained_glass_pane":40,"minecraft:quartz_pillar":4426,"minecraft:red_wool":281,"minecraft:warped_hyphae":293,"minecraft:quartz_slab":441,"minecraft:lantern":390,"minecraft:grass_block":19084,"minecraft:blue_orchid":1,"minecraft:panda_spawn_egg":1,"minecraft:birch_sapling":10,"minecraft:quartz_block":6567,"minecraft:polished_andesite_stairs":22,"minecraft:green_wool":3,"minecraft:polished_blackstone_brick_wall":13,"minecraft:warped_nylium":397,"minecraft:dark_oak_wood":370,"minecraft:dark_oak_leaves":723,"minecraft:dark_oak_slab":1375,"minecraft:mossy_cobblestone_slab":2,"minecraft:raw_gold_block":18,"minecraft:diorite_wall":77,"minecraft:pink_wool":13,"minecraft:red_nether_brick_wall":337,"minecraft:blue_banner":1,"minecraft:stone_brick_stairs":1736,"minecraft:stone_bricks":8964,"minecraft:birch_button":1,"minecraft:infested_mossy_stone_bricks":14,"minecraft:item_frame":11,"minecraft:snow":692,"minecraft:repeater":5896,"minecraft:golden_sword":27,"minecraft:red_stained_glass_pane":52,"minecraft:birch_trapdoor":36,"minecraft:red_carpet":80,"minecraft:redstone_lamp":12,"minecraft:magma_block":358,"minecraft:bow":1,"minecraft:warped_fungus":6,"minecraft:hay_block":34,"minecraft:written_book":53,"minecraft:infested_cracked_stone_bricks":57,"minecraft:mangrove_roots":288,"minecraft:oak_sapling":105,"minecraft:mangrove_slab":857,"minecraft:oxidized_cut_copper_stairs":91,"minecraft:acacia_fence":7,"minecraft:gold_block":308,"minecraft:polished_diorite_stairs":170,"minecraft:green_stained_glass_pane":18,"minecraft:dark_prismarine_stairs":359,"minecraft:dark_oak_sapling":113,"minecraft:mangrove_leaves":1999,"minecraft:deepslate_brick_wall":29,"minecraft:short_grass":108,"minecraft:dark_oak_stairs":1197,"minecraft:mossy_stone_bricks":543,"minecraft:diorite":39,"minecraft:leather_leggings":1,"minecraft:end_rod":91,"minecraft:spruce_door":45,"minecraft:brick_wall":95,"minecraft:red_stained_glass":31,"minecraft:dark_oak_sign":51,"minecraft:acacia_trapdoor":55,"minecraft:mangrove_planks":496,"minecraft:prismarine":17,"minecraft:jungle_fence":30,"minecraft:oak_planks":1493,"minecraft:prismarine_stairs":40,"minecraft:polished_diorite_slab":373,"minecraft:orange_tulip":9,"minecraft:cactus":60,"minecraft:mossy_stone_brick_stairs":49,"minecraft:sandstone":1416,"minecraft:jungle_pressure_plate":1,"minecraft:redstone_block":1355,"minecraft:oak_leaves":909,"minecraft:smooth_quartz_stairs":158,"minecraft:white_wool":532,"minecraft:dark_oak_trapdoor":196,"minecraft:sand":2885,"minecraft:light_blue_concrete":350,"minecraft:infested_chiseled_stone_bricks":407,"minecraft:yellow_terracotta":201,"minecraft:cut_sandstone_slab":31,"minecraft:lime_stained_glass_pane":4,"minecraft:loom":2,"minecraft:light_blue_wool":25,"minecraft:black_banner":7,"minecraft:yellow_concrete":105,"minecraft:blue_ice":2334,"minecraft:gray_concrete":1171,"minecraft:oxidized_cut_copper_slab":51,"minecraft:note_block":11,"minecraft:chiseled_quartz_block":168,"minecraft:dripstone_block":662,"minecraft:stone_brick_wall":742,"minecraft:cobbled_deepslate_stairs":44,"minecraft:red_sandstone_wall":2,"minecraft:deepslate_brick_stairs":40,"minecraft:lightning_rod":48,"minecraft:exposed_copper":20,"minecraft:birch_fence":39,"minecraft:redstone_torch":85,"minecraft:deepslate_tiles":466,"minecraft:sticky_piston":10,"minecraft:lever":67,"minecraft:green_concrete":80,"minecraft:red_sandstone":867,"minecraft:black_concrete":1651,"minecraft:gray_shulker_box":1,"minecraft:crying_obsidian":625,"minecraft:lime_carpet":1,"minecraft:acacia_door":43,"minecraft:mangrove_door":5,"minecraft:light_gray_concrete":6246,"minecraft:dark_oak_log":475,"minecraft:gray_stained_glass_pane":31,"minecraft:heavy_weighted_pressure_plate":10,"minecraft:stone_button":152,"minecraft:string":24,"minecraft:brown_wool":2,"minecraft:verdant_froglight":1,"minecraft:barrier":5280,"minecraft:warped_slab":106,"minecraft:lectern":32,"minecraft:polished_granite":4,"minecraft:oak_pressure_plate":8,"minecraft:iron_door":108,"minecraft:diamond_ore":8,"minecraft:deepslate":927,"minecraft:prismarine_wall":63,"minecraft:gravel":232,"minecraft:flowering_azalea_leaves":51,"minecraft:polished_andesite_slab":103,"minecraft:soul_lantern":82,"minecraft:blackstone_slab":9,"minecraft:magenta_stained_glass_pane":12,"minecraft:granite_slab":8,"minecraft:ocelot_spawn_egg":11,"minecraft:nether_wart_block":3,"minecraft:diamond_sword":392,"minecraft:coal_block":36,"minecraft:crimson_door":3,"minecraft:grindstone":2,"minecraft:ice":1530,"minecraft:dark_oak_fence":1132,"minecraft:white_stained_glass":74,"minecraft:waxed_oxidized_cut_copper_stairs":164,"minecraft:andesite":144,"minecraft:chain":385,"minecraft:mossy_cobblestone_wall":169,"minecraft:smooth_stone_slab":773,"minecraft:white_concrete":2814,"minecraft:coarse_dirt":675,"minecraft:bone_meal":5473,"minecraft:cobweb":2,"minecraft:gray_stained_glass":60,"minecraft:azalea":1,"minecraft:oak_fence":282,"minecraft:oak_trapdoor":184,"minecraft:trident":1,"minecraft:jungle_leaves":1829,"minecraft:polished_blackstone_brick_slab":26,"minecraft:iron_bars":1085,"minecraft:dead_bush":83,"minecraft:flint_and_steel":6,"minecraft:orange_concrete":318,"minecraft:red_concrete":223,"minecraft:armor_stand":76,"minecraft:redstone":8118,"minecraft:light_blue_terracotta":139,"minecraft:spruce_planks":3142,"minecraft:tinted_glass":121,"minecraft:sculk":5,"minecraft:brown_shulker_box":1,"minecraft:wooden_shovel":270,"minecraft:mangrove_fence":368,"minecraft:sandstone_wall":26,"minecraft:structure_block":2,"minecraft:exposed_cut_copper_stairs":38,"minecraft:netherrack":2059,"minecraft:oak_door":1,"minecraft:orange_stained_glass":53,"minecraft:torch":291,"minecraft:dirt":2724,"minecraft:anvil":209,"minecraft:red_nether_brick_slab":64,"minecraft:hopper":5,"minecraft:prismarine_bricks":56,"minecraft:spruce_stairs":737,"minecraft:twisting_vines":3,"minecraft:cobblestone_wall":529,"minecraft:oak_wood":51,"minecraft:blue_concrete":482,"minecraft:nether_brick_slab":115,"minecraft:granite":63,"minecraft:yellow_carpet":40,"minecraft:spruce_fence":784,"minecraft:bee_nest":1,"minecraft:light_blue_stained_glass":26,"minecraft:mud_brick_stairs":2,"minecraft:nether_brick_stairs":383,"minecraft:oak_fence_gate":5,"minecraft:polished_diorite":2193,"minecraft:purple_stained_glass_pane":21,"minecraft:mossy_cobblestone_stairs":150,"minecraft:shroomlight":86,"minecraft:andesite_wall":24,"minecraft:stone_brick_slab":682,"minecraft:dark_oak_planks":985,"minecraft:brown_terracotta":25,"minecraft:flowering_azalea":12,"minecraft:sea_lantern":1750,"minecraft:light_gray_stained_glass":10,"minecraft:bookshelf":24,"minecraft:rooted_dirt":480,"minecraft:smooth_sandstone":43,"minecraft:oak_stairs":71,"minecraft:yellow_stained_glass":7,"minecraft:iron_block":155,"minecraft:spruce_button":3,"minecraft:brick_stairs":117,"minecraft:slime_block":171,"minecraft:warped_fence":80,"minecraft:acacia_slab":84,"minecraft:crimson_slab":68,"minecraft:jungle_log":309,"minecraft:smooth_quartz":1280,"minecraft:prismarine_slab":8,"minecraft:barrel":111,"minecraft:smooth_basalt":2626,"minecraft:light_gray_wool":15,"minecraft:basalt":23,"minecraft:tripwire_hook":2,"minecraft:tall_grass":12,"minecraft:glowstone":1282,"minecraft:waxed_cut_copper_slab":2,"minecraft:black_stained_glass":9,"minecraft:lime_concrete":100,"minecraft:warped_stairs":20,"minecraft:magenta_wool":80,"minecraft:dark_oak_pressure_plate":40,"minecraft:pitcher_plant":4,"minecraft:iron_trapdoor":37,"minecraft:lime_stained_glass":9,"minecraft:deepslate_tile_stairs":447,"minecraft:white_stained_glass_pane":14,"minecraft:podzol":239,"minecraft:granite_wall":3,"minecraft:horn_coral_block":1,"minecraft:crimson_pressure_plate":4,"minecraft:stone_pressure_plate":83,"minecraft:cobbled_deepslate":574,"minecraft:acacia_planks":361,"minecraft:mossy_stone_brick_wall":392,"minecraft:orange_terracotta":13,"minecraft:orange_stained_glass_pane":358,"minecraft:brown_bed":11,"minecraft:pointed_dripstone":18,"minecraft:cobbled_deepslate_wall":3,"minecraft:calcite":167,"minecraft:quartz_bricks":697,"minecraft:wheat_seeds":205,"minecraft:water_bucket":4053,"minecraft:warped_stem":115,"minecraft:nether_brick_wall":93,"minecraft:mangrove_wood":417,"minecraft:iron_ore":11,"minecraft:amethyst_block":2,"minecraft:light_blue_glazed_terracotta":4,"minecraft:cobblestone_stairs":211,"minecraft:dirt_path":348,"minecraft:snow_block":25,"minecraft:prismarine_brick_slab":265,"minecraft:birch_planks":701,"minecraft:yellow_shulker_box":7,"minecraft:polished_andesite":1502,"minecraft:lime_wool":218,"minecraft:red_nether_bricks":988,"minecraft:blue_wool":25,"minecraft:andesite_slab":10,"minecraft:waxed_oxidized_cut_copper":67,"minecraft:copper_block":17,"minecraft:brown_mushroom":38,"minecraft:red_mushroom_block":12,"minecraft:cut_sandstone":78,"minecraft:llama_spawn_egg":2,"minecraft:spruce_sign":55,"minecraft:magenta_stained_glass":92,"minecraft:spruce_fence_gate":1,"minecraft:beacon":7,"minecraft:chiseled_nether_bricks":58,"minecraft:cobblestone_slab":584,"minecraft:gold_ore":13,"minecraft:deepslate_bricks":2687,"minecraft:warped_roots":32,"minecraft:cracked_stone_bricks":335,"minecraft:pink_concrete":23,"minecraft:waxed_exposed_copper":5,"minecraft:jungle_wood":9,"minecraft:glow_item_frame":5,"minecraft:polished_blackstone_pressure_plate":9,"minecraft:polished_deepslate_slab":21,"minecraft:mossy_cobblestone":360,"minecraft:mangrove_trapdoor":179,"minecraft:lime_terracotta":81,"minecraft:rabbit_spawn_egg":2,"minecraft:terracotta":318,"minecraft:vine":41,"minecraft:dark_prismarine_slab":160,"minecraft:oak_slab":272,"minecraft:red_bed":5,"minecraft:crimson_trapdoor":29,"minecraft:red_mushroom":37,"minecraft:birch_sign":172,"minecraft:yellow_stained_glass_pane":11,"minecraft:campfire":22,"minecraft:dark_oak_fence_gate":4,"minecraft:light_gray_concrete_powder":170,"minecraft:smoker":5,"minecraft:mangrove_sign":44,"minecraft:painting":40,"minecraft:warped_planks":20,"minecraft:infested_stone_bricks":201,"minecraft:mushroom_stem":3,"minecraft:spruce_log":3343,"minecraft:dark_oak_door":7,"minecraft:deepslate_tile_wall":66,"minecraft:netherite_block":28,"minecraft:mud":24,"minecraft:oak_log":1975,"minecraft:piston":3,"minecraft:purple_stained_glass":17,"minecraft:blue_stained_glass_pane":18,"minecraft:gray_terracotta":45,"minecraft:dark_prismarine":277,"minecraft:wooden_hoe":266,"minecraft:flower_pot":6,"minecraft:acacia_stairs":4,"minecraft:black_wool":25,"minecraft:oxeye_daisy":6,"minecraft:warped_trapdoor":5,"minecraft:command_block":3546,"minecraft:mangrove_propagule":1,"minecraft:oak_button":5,"minecraft:pig_spawn_egg":3,"minecraft:map":1,"minecraft:magenta_concrete":125,"minecraft:cyan_concrete":215,"minecraft:stone_slab":680,"minecraft:spruce_trapdoor":194,"minecraft:spruce_sapling":120,"minecraft:yellow_wool":56,"minecraft:golden_leggings":1,"minecraft:crimson_sign":1,"minecraft:blue_carpet":7,"minecraft:chiseled_stone_bricks":418,"minecraft:green_shulker_box":2,"minecraft:cobblestone":2405,"minecraft:potion":2,"minecraft:cobbled_deepslate_slab":251,"minecraft:mud_brick_wall":35,"minecraft:crimson_stairs":43,"minecraft:white_banner":56,"minecraft:andesite_stairs":2,"minecraft:jungle_door":4,"minecraft:chain_command_block":359,"minecraft:red_banner":81,"minecraft:sandstone_slab":66,"minecraft:glass_pane":370,"minecraft:repeating_command_block":880,"minecraft:polished_blackstone_button":2,"minecraft:birch_stairs":6,"minecraft:gray_wool":4,"minecraft:dandelion":3,"minecraft:brown_mushroom_block":52,"minecraft:sculk_vein":2,"minecraft:smooth_stone":127,"minecraft:candle":22,"minecraft:soul_torch":3},"minecraft:dropped":{"minecraft:repeating_command_block":1,"minecraft:oak_log":2,"minecraft:redstone_lamp":1,"minecraft:packed_ice":1,"minecraft:dark_oak_fence":1,"minecraft:oak_planks":2,"minecraft:quartz_bricks":1,"minecraft:quartz_block":3,"minecraft:written_book":1,"minecraft:enchanted_book":55,"minecraft:wheat_seeds":1,"minecraft:command_block":1,"minecraft:grass_block":6,"minecraft:repeater":1,"minecraft:white_concrete":1,"minecraft:potion":1,"minecraft:smooth_quartz_slab":1,"minecraft:paper":67,"minecraft:redstone_block":1,"minecraft:redstone":4,"minecraft:orange_concrete":1,"minecraft:light_gray_concrete":1,"minecraft:oak_sign":1,"minecraft:stone":1,"minecraft:mossy_stone_bricks":1,"minecraft:redstone_torch":4,"minecraft:stone_bricks":1,"minecraft:quartz_slab":1},"minecraft:killed":{"minecraft:zombie_horse":1,"minecraft:cat":1,"minecraft:sheep":1,"minecraft:horse":2,"minecraft:panda":1,"minecraft:llama":2,"minecraft:ocelot":36,"minecraft:rabbit":2,"minecraft:villager":91},"minecraft:custom":{"minecraft:open_barrel":15,"minecraft:open_shulker_box":46,"minecraft:bell_ring":6,"minecraft:leave_game":288,"minecraft:time_since_death":436577,"minecraft:damage_resisted":32,"minecraft:sprint_one_cm":10691599,"minecraft:drop":162,"minecraft:talked_to_villager":12,"minecraft:play_time":23611831,"minecraft:deaths":546,"minecraft:jump":78764,"minecraft:walk_on_water_one_cm":469556,"minecraft:interact_with_loom":15,"minecraft:damage_dealt":23588,"minecraft:interact_with_beacon":2,"minecraft:player_kills":1,"minecraft:crouch_one_cm":1056650,"minecraft:interact_with_smoker":2,"minecraft:inspect_dispenser":16,"minecraft:horse_one_cm":418,"minecraft:mob_kills":137,"minecraft:interact_with_anvil":25,"minecraft:climb_one_cm":393909,"minecraft:walk_one_cm":16493937,"minecraft:sneak_time":1001871,"minecraft:walk_under_water_one_cm":289631,"minecraft:boat_one_cm":9114,"minecraft:interact_with_lectern":167,"minecraft:total_world_time":27826301,"minecraft:tune_noteblock":209,"minecraft:time_since_rest":436578,"minecraft:damage_taken":67834,"minecraft:swim_one_cm":60811,"minecraft:fly_one_cm":148397041,"minecraft:open_chest":29,"minecraft:fall_one_cm":757950}},"DataVersion":3700}