{
    "parent": "time:a_rank",
    "display": {
        "title": {"text":"S rank","color":"yellow","bold":true},
        "description": {"text":"Speed and precision unmatched, a parkour master in action!","color":"white","bold":false},
        "icon": {
            "item": "minecraft:nether_star"
        },
        "frame": "goal",
        "show_toast": true,
        "announce_to_chat": true,
        "hidden":false
    },
    "criteria": {
        "main": {
            "trigger": "minecraft:impossible"
        }
    }
}