{
  "hotel:hotel/root": {
    "criteria": {
      "welcome": "2024-08-04 03:46:10 +0000"
    },
    "done": true
  },
  "hotel:hotel/enter_hotel": {
    "criteria": {
      "enter_hotel": "2024-08-04 03:49:52 +0000"
    },
    "done": true
  },
  "hotel:hotel/talk_rec": {
    "criteria": {
      "talk_rec": "2024-08-04 03:50:31 +0000"
    },
    "done": true
  },
  "hotel:hotel/enter_room": {
    "criteria": {
      "enter_room": "2024-08-04 03:50:46 +0000"
    },
    "done": true
  },
  "DataVersion": 3465
}